,jurisdiction,retail_recreation,grocery_pharmacy,parks,transit_stations,workplace,residential,cluster
0,AF-None-None,-38.0,-21.0,-13.0,-34.0,-33.0,10.0,2
0,AO-None-None,-61.0,-40.0,-39.0,-57.0,-11.0,22.0,4
0,AG-None-None,-46.0,-21.0,-30.0,-67.0,-48.0,17.0,4
0,AR-None-None,-86.0,-61.0,-89.0,-80.0,-57.0,27.0,0
1,AR-Buenos Aires-None,-90.0,-48.0,-91.0,-82.0,-69.0,31.0,0
2,AR-Buenos Aires Province-None,-88.0,-60.0,-91.0,-79.0,-60.0,26.0,0
3,AR-Catamarca Province-None,-71.0,-46.0,-78.0,-81.0,-35.0,29.0,0
4,AR-Chaco Province-None,-79.0,-63.0,-83.0,-92.0,-48.0,24.0,0
5,AR-Chubut Province-None,-92.0,-91.0,-94.0,-93.0,-62.0,28.0,0
6,AR-Cordoba-None,-88.0,-66.0,-90.0,-91.0,-57.0,30.0,0
7,AR-Corrientes-None,-80.0,-63.0,-88.0,-89.0,-47.0,25.0,0
8,AR-Entre Rios-None,-87.0,-65.0,-93.0,-90.0,-54.0,29.0,0
9,AR-Formosa Province-None,-76.0,-53.0,-82.0,-71.0,-37.0,21.0,0
10,AR-Jujuy-None,-80.0,-55.0,-83.0,-92.0,-44.0,27.0,0
11,AR-La Pampa-None,-88.0,-72.0,-88.0,-87.0,-56.0,28.0,0
12,AR-La Rioja Province-None,-70.0,-46.0,-84.0,-86.0,-40.0,26.0,0
13,AR-Mendoza Province-None,-81.0,-56.0,-84.0,-72.0,-49.0,29.0,0
14,AR-Misiones Province-None,-83.0,-66.0,-85.0,-92.0,-51.0,27.0,0
15,AR-Neuquen-None,-96.0,-95.0,-95.0,-92.0,-72.0,33.0,0
16,AR-Río Negro-None,-90.0,-72.0,-92.0,-96.0,-55.0,29.0,0
17,AR-Salta Province-None,-82.0,-55.0,-84.0,-76.0,-47.0,26.0,0
18,AR-San Juan Province-None,-76.0,-50.0,-80.0,-87.0,-46.0,28.0,0
19,AR-San Luis Province-None,-85.0,-60.0,-89.0,-91.0,-56.0,29.0,0
20,AR-Santa Cruz Province-None,-83.0,-62.0,-88.0,-91.0,-56.0,24.0,0
21,AR-Santa Fe Province-None,-87.0,-63.0,-89.0,-77.0,-57.0,29.0,0
22,AR-Santiago del Estero Province-None,-75.0,-49.0,-75.0,-90.0,-46.0,25.0,0
23,AR-Tierra del Fuego Province-None,-87.0,-63.0,-89.0,-92.0,-59.0,24.0,0
24,AR-Tucumán-None,-81.0,-53.0,-78.0,-90.0,-51.0,28.0,0
0,AW-None-None,-88.0,-66.0,-80.0,-88.0,-72.0,20.0,0
0,AU-None-None,-45.0,-19.0,-35.0,-58.0,-33.0,13.0,4
1,AU-Australian Capital Territory-None,-40.0,-3.0,38.0,-52.0,-31.0,11.0,1
2,AU-New South Wales-None,-44.0,-13.0,-27.0,-57.0,-35.0,14.0,4
3,AU-Northern Territory-None,-35.0,-13.0,-20.0,-55.0,-23.0,12.0,2
4,AU-Queensland-None,-40.0,-19.0,-33.0,-57.0,-30.0,12.0,4
5,AU-South Australia-None,-43.0,-15.0,-33.0,-55.0,-28.0,12.0,4
6,AU-Tasmania-None,-50.0,-30.0,-70.0,-62.0,-28.0,13.0,4
7,AU-Victoria-None,-51.0,-26.0,-55.0,-68.0,-37.0,16.0,4
8,AU-Western Australia-None,-40.0,-16.0,-37.0,-55.0,-26.0,13.0,4
0,AT-None-None,-87.0,-64.0,-43.0,-71.0,-51.0,14.0,0
1,AT-Burgenland-None,-83.0,-36.0,19.0,-43.0,-49.0,16.0,1
2,AT-Carinthia-None,-85.0,-62.0,-45.0,-59.0,-48.0,13.0,0
3,AT-Lower Austria-None,-82.0,-36.0,8.0,-74.0,-45.0,13.0,4
4,AT-Salzburg-None,-93.0,-86.0,-73.0,-81.0,-59.0,15.0,0
5,AT-Styria-None,-86.0,-61.0,-42.0,-71.0,-47.0,13.0,0
6,AT-Tyrol-None,-95.0,-86.0,-82.0,-85.0,-65.0,16.0,0
7,AT-Upper Austria-None,-86.0,-44.0,-19.0,-67.0,-47.0,13.0,4
8,AT-Vienna-None,-85.0,-52.0,-44.0,-71.0,-52.0,15.0,0
9,AT-Vorarlberg-None,-90.0,-70.0,-68.0,-79.0,-54.0,14.0,0
0,BS-None-None,-67.0,-34.0,-48.0,-87.0,-52.0,19.0,0
0,BH-None-None,-45.0,-22.0,-40.0,-38.0,-25.0,16.0,4
0,BD-None-None,-68.0,-46.0,-26.0,-66.0,-60.0,24.0,4
0,BB-None-None,-70.0,-47.0,-60.0,-77.0,-52.0,15.0,0
5,BB-Saint Michael-None,-70.0,-48.0,-70.0,-73.0,-55.0,14.0,0
0,BY-None-None,-14.0,5.0,41.0,-7.0,3.0,-2.0,1
0,BE-None-None,-84.0,-53.0,-66.0,-76.0,-52.0,17.0,0
1,BE-Brussels-None,-89.0,-65.0,-64.0,-82.0,-62.0,19.0,0
2,BE-Flanders-None,-82.0,-46.0,-65.0,-74.0,-50.0,17.0,0
3,BE-Wallonia-None,-84.0,-62.0,-72.0,-77.0,-52.0,16.0,0
0,BZ-None-None,-63.0,-49.0,-38.0,-68.0,-42.0,13.0,4
0,BJ-None-None,-16.0,0.0,10.0,-14.0,2.0,5.0,2
0,BO-None-None,-93.0,-94.0,-89.0,-92.0,-72.0,35.0,0
0,BA-None-None,-76.0,-50.0,-22.0,-59.0,-50.0,13.0,4
0,BW-None-None,-12.0,-2.0,7.0,-20.0,-3.0,13.0,2
0,BR-None-None,-71.0,-35.0,-70.0,-62.0,-34.0,17.0,0
1,BR-Federal District-None,-68.0,-28.0,-63.0,-56.0,-36.0,20.0,4
2,BR-State of Acre-None,-68.0,-20.0,-56.0,-75.0,-22.0,11.0,4
3,BR-State of Alagoas-None,-77.0,-43.0,-79.0,-76.0,-35.0,17.0,0
4,BR-State of Amapá-None,-71.0,-27.0,-51.0,-73.0,-28.0,11.0,4
5,BR-State of Amazonas-None,-64.0,-28.0,-62.0,-46.0,-26.0,13.0,4
6,BR-State of Bahia-None,-73.0,-42.0,-71.0,-73.0,-33.0,17.0,0
7,BR-State of Ceará-None,-76.0,-34.0,-71.0,-68.0,-33.0,16.0,0
8,BR-State of Espírito Santo-None,-68.0,-35.0,-69.0,-69.0,-31.0,16.0,0
9,BR-State of Goiás-None,-67.0,-27.0,-44.0,-50.0,-28.0,15.0,4
10,BR-State of Maranhão-None,-63.0,-27.0,-48.0,-66.0,-20.0,11.0,4
11,BR-State of Mato Grosso-None,-63.0,-30.0,-44.0,-59.0,-22.0,11.0,4
12,BR-State of Mato Grosso do Sul-None,-68.0,-33.0,-56.0,-68.0,-26.0,14.0,4
13,BR-State of Minas Gerais-None,-66.0,-29.0,-46.0,-57.0,-30.0,15.0,4
14,BR-State of Paraná-None,-75.0,-42.0,-70.0,-64.0,-34.0,17.0,0
15,BR-State of Paraíba-None,-76.0,-36.0,-73.0,-64.0,-33.0,17.0,0
16,BR-State of Pará-None,-61.0,-25.0,-53.0,-64.0,-19.0,12.0,4
17,BR-State of Pernambuco-None,-74.0,-35.0,-72.0,-59.0,-35.0,17.0,0
18,BR-State of Piauí-None,-71.0,-39.0,-49.0,-76.0,-27.0,18.0,4
19,BR-State of Rio Grande do Norte-None,-74.0,-36.0,-74.0,-66.0,-33.0,19.0,0
20,BR-State of Rio Grande do Sul-None,-75.0,-39.0,-73.0,-67.0,-36.0,20.0,0
21,BR-State of Rio de Janeiro-None,-72.0,-32.0,-74.0,-61.0,-37.0,17.0,0
22,BR-State of Rondônia-None,-63.0,-27.0,-42.0,-71.0,-23.0,12.0,4
23,BR-State of Roraima-None,-68.0,-25.0,-51.0,-72.0,-24.0,12.0,4
24,BR-State of Santa Catarina-None,-80.0,-49.0,-84.0,-76.0,-40.0,20.0,0
25,BR-State of Sergipe-None,-78.0,-46.0,-77.0,-83.0,-36.0,18.0,0
26,BR-State of São Paulo-None,-72.0,-36.0,-71.0,-62.0,-37.0,17.0,0
27,BR-State of Tocantins-None,-61.0,-31.0,-35.0,-71.0,-19.0,11.0,4
0,BG-None-None,-66.0,-36.0,-32.0,-58.0,-29.0,11.0,4
1,BG-Blagoevgrad Province-None,-74.0,-47.0,-32.0,-55.0,-43.0,10.0,4
2,BG-Burgas-None,-65.0,-38.0,-40.0,-51.0,-35.0,11.0,4
5,BG-Haskovo Province-None,-66.0,-43.0,-14.0,-67.0,-27.0,13.0,4
7,BG-Kardzhali Province-None,-71.0,-48.0,-27.0,-76.0,-39.0,12.0,4
8,BG-Kyustendil Province-None,-57.0,-39.0,-35.0,-46.0,-24.0,19.0,4
10,BG-Montana Province-None,-41.0,-37.0,-18.0,-58.0,-13.0,11.0,4
11,BG-Pazardzhik-None,-68.0,-38.0,-29.0,-69.0,-32.0,13.0,4
14,BG-Plovdiv Province-None,-68.0,-38.0,-33.0,-54.0,-29.0,12.0,4
16,BG-Ruse-None,-58.0,-36.0,-14.0,-43.0,-25.0,11.0,4
17,BG-Shumen Province-None,-63.0,-29.0,-26.0,-70.0,-20.0,20.0,4
19,BG-Sliven Province-None,-61.0,-36.0,-40.0,-51.0,-25.0,19.0,4
21,BG-Sofia City Province-None,-70.0,-35.0,-42.0,-62.0,-34.0,15.0,4
23,BG-Stara Zagora-None,-63.0,-38.0,-27.0,-10.0,-29.0,10.0,2
25,BG-Varna-None,-72.0,-36.0,-54.0,-76.0,-34.0,12.0,4
26,BG-Veliko Tarnovo Province-None,-68.0,-37.0,-24.0,-56.0,-28.0,13.0,4
28,BG-Vraca-None,-53.0,-31.0,-3.0,-49.0,-18.0,21.0,2
0,BF-None-None,-34.0,-25.0,-22.0,-53.0,-3.0,15.0,2
0,KH-None-None,-43.0,-29.0,-31.0,-57.0,-15.0,12.0,4
0,CM-None-None,-26.0,-20.0,-19.0,-23.0,-3.0,9.0,2
0,CA-None-None,-59.0,-35.0,-16.0,-66.0,-44.0,14.0,4
1,CA-Alberta-None,-55.0,-29.0,-23.0,-63.0,-41.0,13.0,4
2,CA-British Columbia-None,-54.0,-28.0,27.0,-59.0,-47.0,13.0,1
3,CA-Manitoba-None,-49.0,-21.0,-9.0,-56.0,-36.0,11.0,4
4,CA-New Brunswick-None,-42.0,-20.0,101.0,-47.0,-35.0,8.0,3
5,CA-Newfoundland and Labrador-None,-54.0,-38.0,-18.0,-60.0,-35.0,9.0,4
7,CA-Nova Scotia-None,-33.0,-7.0,95.0,-45.0,-32.0,5.0,3
9,CA-Ontario-None,-59.0,-33.0,-14.0,-66.0,-46.0,14.0,4
11,CA-Quebec-None,-70.0,-44.0,-68.0,-75.0,-45.0,15.0,0
12,CA-Saskatchewan-None,-53.0,-24.0,45.0,-52.0,-37.0,11.0,1
0,CV-None-None,-60.0,-48.0,-57.0,-88.0,-40.0,19.0,0
0,CL-None-None,-73.0,-55.0,-72.0,-64.0,-42.0,24.0,0
0,CO-None-None,-86.0,-68.0,-80.0,-82.0,-58.0,26.0,0
0,CR-None-None,-68.0,-41.0,-71.0,-68.0,-39.0,21.0,0
0,CI-None-None,-35.0,-21.0,-21.0,-33.0,-9.0,14.0,2
0,HR-None-None,-82.0,-57.0,-45.0,-74.0,-50.0,15.0,0
1,HR-Bjelovar-Bilogora County-None,-85.0,-58.0,-23.0,-70.0,-46.0,20.0,4
3,HR-City of Zagreb-None,-85.0,-61.0,-51.0,-76.0,-51.0,16.0,0
4,HR-Dubrovnik-Neretva County-None,-78.0,-54.0,-29.0,-66.0,-52.0,22.0,4
5,HR-Istria County-None,-74.0,-55.0,-35.0,-76.0,-45.0,15.0,4
6,HR-Karlovac County-None,-83.0,-56.0,-16.0,-66.0,-48.0,30.0,4
11,HR-Osijek-Baranja County-None,-83.0,-54.0,-14.0,-73.0,-47.0,17.0,4
13,HR-Primorje-Gorski Kotar County-None,-82.0,-58.0,-47.0,-81.0,-48.0,15.0,0
14,HR-Sisak-Moslavina County-None,-76.0,-61.0,-51.0,-71.0,-43.0,27.0,0
15,HR-Split-Dalmatia County-None,-83.0,-52.0,-33.0,-76.0,-55.0,17.0,0
16,HR-Varaždin County-None,-86.0,-61.0,-62.0,-83.0,-50.0,30.0,0
19,HR-Zadar County-None,-77.0,-51.0,-19.0,-75.0,-47.0,25.0,4
20,HR-Zagreb County-None,-85.0,-59.0,-64.0,-72.0,-53.0,15.0,0
21,HR-Šibenik-Knin County-None,-78.0,-47.0,-12.0,-67.0,-48.0,15.0,4
0,CZ-None-None,-73.0,-26.0,-24.0,-61.0,-31.0,11.0,4
1,CZ-Central Bohemian Region-None,-67.0,-20.0,9.0,-37.0,-29.0,11.0,1
2,CZ-Hradec Králové Region-None,-78.0,-30.0,-33.0,-69.0,-32.0,11.0,4
3,CZ-Karlovy Vary Region-None,-75.0,-38.0,-53.0,-70.0,-36.0,10.0,4
4,CZ-Liberec Region-None,-75.0,-24.0,-45.0,-66.0,-36.0,10.0,4
5,CZ-Moravian-Silesian Region-None,-72.0,-21.0,-14.0,-63.0,-27.0,10.0,4
6,CZ-Olomouc Region-None,-72.0,-27.0,-15.0,-74.0,-27.0,10.0,4
7,CZ-Pardubice Region-None,-74.0,-27.0,-1.0,-73.0,-28.0,10.0,4
8,CZ-Plzeň Region-None,-74.0,-29.0,-8.0,-55.0,-30.0,10.0,4
9,CZ-Prague-None,-77.0,-30.0,-58.0,-71.0,-38.0,15.0,0
10,CZ-South Bohemian Region-None,-72.0,-27.0,-17.0,-60.0,-29.0,9.0,4
11,CZ-South Moravian Region-None,-70.0,-24.0,5.0,-50.0,-28.0,11.0,1
12,CZ-Vysocina Region-None,-74.0,-21.0,27.0,-55.0,-28.0,10.0,1
13,CZ-Zlin Region-None,-71.0,-25.0,1.0,-65.0,-29.0,9.0,4
14,CZ-Ústí nad Labem Region-None,-71.0,-25.0,-28.0,-56.0,-26.0,9.0,4
0,DK-None-None,-37.0,-22.0,35.0,-60.0,-28.0,9.0,1
1,DK-Capital Region of Denmark-None,-48.0,-24.0,13.0,-67.0,-33.0,10.0,1
2,DK-Central Denmark Region-None,-34.0,-23.0,71.0,-55.0,-26.0,9.0,3
3,DK-North Denmark Region-None,-34.0,-16.0,32.0,-54.0,-26.0,8.0,1
4,DK-Region Zealand-None,-28.0,-17.0,54.0,-55.0,-25.0,8.0,1
5,DK-Region of Southern Denmark-None,-30.0,-22.0,23.0,-59.0,-28.0,9.0,1
0,DO-None-None,-80.0,-63.0,-73.0,-84.0,-56.0,23.0,0
0,EC-None-None,-84.0,-66.0,-80.0,-80.0,-61.0,26.0,0
0,EG-None-None,-50.0,-24.0,-40.0,-52.0,-35.0,15.0,4
0,SV-None-None,-81.0,-62.0,-72.0,-73.0,-50.0,23.0,0
0,EE-None-None,-60.0,-28.0,4.0,-51.0,-32.0,10.0,1
1,EE-Harju County-None,-61.0,-29.0,2.0,-57.0,-34.0,11.0,1
3,EE-Ida-Viru County-None,-50.0,-22.0,-23.0,-35.0,-28.0,12.0,2
8,EE-Pärnu County-None,-67.0,-31.0,-17.0,-53.0,-36.0,20.0,4
12,EE-Tartu County-None,-65.0,-30.0,-13.0,-54.0,-35.0,23.0,4
0,FJ-None-None,-39.0,-25.0,-13.0,-59.0,-6.0,12.0,2
0,FI-None-None,-52.0,-21.0,48.0,-59.0,-25.0,9.0,1
1,FI-Central Finland-None,-48.0,-22.0,60.0,-70.0,-23.0,8.0,1
3,FI-Kainuu-None,-54.0,-24.0,44.0,-64.0,-21.0,13.0,1
4,FI-Kymenlaakso-None,-52.0,-21.0,65.0,-64.0,-17.0,8.0,1
5,FI-Lapland-None,-62.0,-30.0,40.0,-71.0,-31.0,7.0,1
6,FI-North Karelia-None,-54.0,-20.0,61.0,-54.0,-24.0,14.0,1
7,FI-Northern Ostrobothnia-None,-51.0,-24.0,73.0,-55.0,-24.0,8.0,3
8,FI-Northern Savonia-None,-56.0,-20.0,47.0,-53.0,-22.0,7.0,1
9,FI-Ostrobothnia-None,-44.0,-16.0,70.0,-50.0,-21.0,8.0,3
10,FI-Pirkanmaa-None,-53.0,-21.0,42.0,-53.0,-26.0,9.0,1
11,FI-Päijänne Tavastia-None,-56.0,-22.0,84.0,-54.0,-25.0,8.0,3
12,FI-Satakunta-None,-49.0,-22.0,34.0,-48.0,-19.0,8.0,1
13,FI-South Karelia-None,-55.0,-26.0,46.0,-64.0,-25.0,15.0,1
14,FI-Southern Ostrobothnia-None,-49.0,-20.0,50.0,-51.0,-20.0,9.0,1
15,FI-Southern Savonia-None,-55.0,-18.0,59.0,-66.0,-23.0,14.0,1
16,FI-Southwest Finland-None,-54.0,-22.0,15.0,-51.0,-25.0,9.0,1
17,FI-Tavastia Proper-None,-53.0,-24.0,43.0,-62.0,-22.0,9.0,1
18,FI-Uusimaa-None,-50.0,-20.0,39.0,-64.0,-28.0,10.0,1
0,FR-None-None,-88.0,-72.0,-82.0,-87.0,-56.0,18.0,0
1,FR-Auvergne-Rhône-Alpes-None,-87.0,-74.0,-80.0,-89.0,-56.0,19.0,0
2,FR-Bourgogne-Franche-Comté-None,-87.0,-77.0,-77.0,-88.0,-54.0,18.0,0
3,FR-Brittany-None,-87.0,-76.0,-83.0,-88.0,-53.0,18.0,0
4,FR-Centre-Val de Loire-None,-86.0,-75.0,-79.0,-88.0,-53.0,17.0,0
5,FR-Corsica-None,-84.0,-67.0,-74.0,-83.0,-54.0,21.0,0
6,FR-Grand Est-None,-89.0,-77.0,-81.0,-89.0,-59.0,17.0,0
7,FR-Hauts-de-France-None,-88.0,-72.0,-84.0,-87.0,-56.0,17.0,0
8,FR-Normandy-None,-86.0,-73.0,-78.0,-88.0,-53.0,17.0,0
9,FR-Nouvelle-Aquitaine-None,-86.0,-76.0,-80.0,-86.0,-53.0,18.0,0
10,FR-Occitanie-None,-86.0,-72.0,-73.0,-86.0,-53.0,18.0,0
11,FR-Pays de la Loire-None,-88.0,-78.0,-80.0,-90.0,-54.0,18.0,0
12,FR-Provence-Alpes-Côte d'Azur-None,-87.0,-68.0,-83.0,-85.0,-55.0,18.0,0
13,FR-Île-de-France-None,-91.0,-69.0,-89.0,-87.0,-63.0,20.0,0
0,GA-None-None,-39.0,-24.0,-25.0,-47.0,-15.0,15.0,2
0,GE-None-None,-67.0,-36.0,-24.0,-53.0,-38.0,12.0,4
0,DE-None-None,-77.0,-51.0,-49.0,-68.0,-39.0,11.0,0
1,DE-Baden-Württemberg-None,-79.0,-49.0,-55.0,-71.0,-43.0,12.0,0
2,DE-Bavaria-None,-80.0,-49.0,-50.0,-73.0,-43.0,12.0,0
3,DE-Berlin-None,-83.0,-55.0,-63.0,-70.0,-44.0,12.0,0
4,DE-Brandenburg-None,-75.0,-52.0,-53.0,-63.0,-31.0,9.0,0
5,DE-Bremen-None,-79.0,-54.0,-22.0,-74.0,-40.0,10.0,4
6,DE-Hamburg-None,-80.0,-50.0,-34.0,-72.0,-42.0,12.0,4
7,DE-Hesse-None,-74.0,-40.0,-26.0,-72.0,-41.0,10.0,4
8,DE-Lower Saxony-None,-76.0,-52.0,-42.0,-64.0,-36.0,10.0,4
9,DE-Mecklenburg-Vorpommern-None,-74.0,-48.0,-50.0,-64.0,-32.0,8.0,4
10,DE-North Rhine-Westphalia-None,-77.0,-51.0,-50.0,-70.0,-38.0,11.0,0
11,DE-Rhineland-Palatinate-None,-74.0,-40.0,-38.0,-71.0,-39.0,10.0,4
12,DE-Saarland-None,-77.0,-56.0,-29.0,-71.0,-39.0,10.0,4
13,DE-Saxony-None,-78.0,-51.0,-50.0,-66.0,-34.0,10.0,0
14,DE-Saxony-Anhalt-None,-74.0,-48.0,-56.0,-65.0,-27.0,8.0,0
15,DE-Schleswig-Holstein-None,-70.0,-53.0,-27.0,-58.0,-36.0,10.0,4
16,DE-Thuringia-None,-75.0,-44.0,-50.0,-63.0,-32.0,8.0,4
0,GH-None-None,-15.0,8.0,-15.0,-15.0,3.0,9.0,2
0,GR-None-None,-80.0,-41.0,-55.0,-76.0,-53.0,20.0,0
0,GT-None-None,-67.0,-39.0,-53.0,-69.0,-39.0,19.0,4
0,HT-None-None,-34.0,-31.0,-19.0,-48.0,-14.0,7.0,2
0,HN-None-None,-81.0,-64.0,-59.0,-74.0,-46.0,20.0,0
0,HK-None-None,-35.0,-7.0,-43.0,-45.0,-24.0,16.0,2
0,HU-None-None,-66.0,-43.0,-7.0,-53.0,-32.0,10.0,4
1,HU-Baranya-None,-70.0,-45.0,27.0,-45.0,-30.0,9.0,1
2,HU-Borsod-Abaúj-Zemplén-None,-59.0,-47.0,19.0,-38.0,-28.0,8.0,1
3,HU-Budapest-None,-74.0,-40.0,-38.0,-67.0,-39.0,12.0,4
4,HU-Bács-Kiskun-None,-62.0,-42.0,10.0,-47.0,-27.0,9.0,1
5,HU-Békés County-None,-54.0,-39.0,15.0,-43.0,-23.0,7.0,1
6,HU-Csongrád-None,-66.0,-40.0,-12.0,-39.0,-28.0,10.0,4
7,HU-Fejér-None,-58.0,-43.0,24.0,-48.0,-30.0,9.0,1
8,HU-Gyor-Moson-Sopron-None,-71.0,-48.0,-6.0,-51.0,-42.0,11.0,4
9,HU-Hajdú-Bihar-None,-63.0,-46.0,34.0,-52.0,-28.0,9.0,1
10,HU-Heves County-None,-62.0,-48.0,-35.0,-48.0,-34.0,12.0,4
11,HU-Jász-Nagykun-Szolnok-None,-52.0,-38.0,32.0,-49.0,-25.0,8.0,1
12,HU-Komárom-Esztergom-None,-57.0,-40.0,51.0,-46.0,-28.0,9.0,1
13,HU-Nógrád County-None,-51.0,-40.0,-29.0,-30.0,-24.0,15.0,4
14,HU-Pest County-None,-56.0,-42.0,57.0,-34.0,-31.0,10.0,1
15,HU-Somogy County-None,-58.0,-44.0,1.0,-44.0,-30.0,10.0,1
16,HU-Szabolcs-Szatmár-Bereg-None,-57.0,-52.0,4.0,-43.0,-25.0,7.0,1
18,HU-Vas County-None,-68.0,-50.0,19.0,-55.0,-38.0,13.0,1
19,HU-Veszprém-None,-57.0,-44.0,5.0,-43.0,-33.0,9.0,1
20,HU-Zala County-None,-66.0,-52.0,-25.0,-48.0,-35.0,11.0,4
0,IN-None-None,-77.0,-65.0,-57.0,-71.0,-47.0,22.0,0
0,ID-None-None,-47.0,-27.0,-52.0,-54.0,-15.0,15.0,4
0,IQ-None-None,-64.0,-42.0,-48.0,-61.0,-55.0,21.0,4
0,IE-None-None,-83.0,-37.0,-59.0,-78.0,-52.0,19.0,0
1,IE-County Carlow-None,-83.0,-35.0,-52.0,-64.0,-48.0,9.0,0
2,IE-County Cavan-None,-81.0,-39.0,-41.0,-57.0,-45.0,21.0,4
3,IE-County Clare-None,-78.0,-30.0,-54.0,-74.0,-49.0,25.0,0
4,IE-County Cork-None,-81.0,-40.0,-54.0,-73.0,-51.0,19.0,0
5,IE-County Donegal-None,-81.0,-39.0,-49.0,-56.0,-47.0,21.0,4
6,IE-County Dublin-None,-85.0,-35.0,-64.0,-82.0,-58.0,21.0,0
7,IE-County Galway-None,-82.0,-36.0,-60.0,-68.0,-51.0,21.0,0
8,IE-County Kerry-None,-83.0,-44.0,-54.0,-76.0,-53.0,22.0,0
9,IE-County Kildare-None,-84.0,-36.0,-66.0,-71.0,-51.0,21.0,0
10,IE-County Kilkenny-None,-82.0,-37.0,-65.0,-77.0,-47.0,23.0,0
13,IE-County Limerick-None,-82.0,-35.0,-57.0,-74.0,-46.0,21.0,0
15,IE-County Louth-None,-84.0,-39.0,-67.0,-84.0,-49.0,24.0,0
16,IE-County Mayo-None,-85.0,-44.0,-31.0,-78.0,-47.0,22.0,4
17,IE-County Meath-None,-80.0,-33.0,-54.0,-59.0,-49.0,21.0,0
19,IE-County Offaly-None,-79.0,-38.0,-40.0,-65.0,-47.0,22.0,4
21,IE-County Sligo-None,-89.0,-44.0,-48.0,-69.0,-44.0,9.0,0
22,IE-County Tipperary-None,-80.0,-36.0,-61.0,-73.0,-46.0,21.0,0
23,IE-County Waterford-None,-87.0,-45.0,-75.0,-77.0,-46.0,20.0,0
24,IE-County Westmeath-None,-85.0,-48.0,-45.0,-75.0,-52.0,24.0,0
25,IE-County Wexford-None,-83.0,-42.0,-70.0,-71.0,-52.0,22.0,0
26,IE-County Wicklow-None,-89.0,-40.0,-79.0,-76.0,-53.0,27.0,0
0,IL-None-None,-67.0,-13.0,-56.0,-61.0,-59.0,30.0,4
0,IT-None-None,-94.0,-85.0,-90.0,-87.0,-63.0,24.0,0
1,IT-Abruzzo-None,-94.0,-84.0,-89.0,-90.0,-63.0,24.0,0
2,IT-Aosta-None,-95.0,-88.0,-91.0,-86.0,-67.0,36.0,0
3,IT-Apulia-None,-94.0,-85.0,-88.0,-88.0,-64.0,25.0,0
4,IT-Basilicata-None,-91.0,-84.0,-77.0,-86.0,-58.0,22.0,0
5,IT-Calabria-None,-94.0,-92.0,-85.0,-90.0,-63.0,22.0,0
6,IT-Campania-None,-94.0,-78.0,-91.0,-89.0,-67.0,23.0,0
7,IT-Emilia-Romagna-None,-96.0,-94.0,-88.0,-88.0,-65.0,24.0,0
8,IT-Friuli-Venezia Giulia-None,-95.0,-94.0,-90.0,-83.0,-59.0,24.0,0
9,IT-Lazio-None,-94.0,-76.0,-90.0,-88.0,-62.0,24.0,0
10,IT-Liguria-None,-94.0,-80.0,-91.0,-85.0,-60.0,23.0,0
11,IT-Lombardy-None,-95.0,-81.0,-91.0,-89.0,-65.0,24.0,0
12,IT-Marche-None,-95.0,-88.0,-91.0,-86.0,-64.0,26.0,0
13,IT-Molise-None,-91.0,-82.0,-84.0,-80.0,-60.0,29.0,0
14,IT-Piedmont-None,-94.0,-82.0,-89.0,-85.0,-59.0,23.0,0
15,IT-Sardinia-None,-94.0,-92.0,-87.0,-81.0,-56.0,22.0,0
16,IT-Sicily-None,-95.0,-93.0,-91.0,-89.0,-68.0,25.0,0
17,IT-Trentino-South Tyrol-None,-96.0,-94.0,-93.0,-86.0,-65.0,25.0,0
18,IT-Tuscany-None,-94.0,-84.0,-91.0,-85.0,-62.0,25.0,0
19,IT-Umbria-None,-95.0,-89.0,-86.0,-81.0,-61.0,25.0,0
20,IT-Veneto-None,-96.0,-95.0,-91.0,-89.0,-62.0,25.0,0
0,JM-None-None,-53.0,-36.0,-50.0,-50.0,-29.0,12.0,4
0,JP-None-None,-26.0,-7.0,-25.0,-41.0,-9.0,7.0,2
1,JP-Aichi-None,-14.0,1.0,-11.0,-35.0,-5.0,6.0,2
2,JP-Akita-None,-1.0,5.0,19.0,-20.0,0.0,3.0,2
3,JP-Aomori-None,-11.0,1.0,11.0,-20.0,0.0,3.0,2
4,JP-Chiba-None,-43.0,-21.0,-61.0,-53.0,-15.0,11.0,4
5,JP-Ehime-None,-5.0,5.0,29.0,-12.0,0.0,3.0,2
6,JP-Fukui-None,-13.0,5.0,-18.0,-19.0,-2.0,6.0,2
7,JP-Fukuoka-None,-13.0,6.0,34.0,-34.0,-3.0,4.0,1
8,JP-Fukushima-None,-21.0,-7.0,-51.0,-35.0,-4.0,7.0,2
9,JP-Gifu-None,-14.0,3.0,-25.0,-32.0,-4.0,6.0,2
10,JP-Gunma-None,-33.0,-15.0,-55.0,-49.0,-8.0,9.0,2
11,JP-Hiroshima-None,-7.0,7.0,15.0,-24.0,-1.0,3.0,2
12,JP-Hokkaido-None,-7.0,3.0,-2.0,-27.0,-5.0,3.0,2
13,JP-Hyogo-None,-12.0,5.0,-10.0,-31.0,-4.0,5.0,2
14,JP-Ibaraki-None,-31.0,-16.0,-60.0,-51.0,-10.0,10.0,4
15,JP-Ishikawa-None,-8.0,8.0,-23.0,-30.0,-1.0,4.0,2
16,JP-Iwate-None,-5.0,5.0,6.0,-19.0,1.0,3.0,2
17,JP-Kagawa-None,-7.0,4.0,19.0,-22.0,-1.0,3.0,2
18,JP-Kagoshima-None,-5.0,4.0,16.0,-15.0,4.0,2.0,2
19,JP-Kanagawa-None,-55.0,-31.0,-66.0,-55.0,-23.0,13.0,4
20,JP-Kochi-None,-3.0,3.0,23.0,-7.0,0.0,2.0,2
21,JP-Kumamoto-None,-13.0,4.0,36.0,-14.0,-1.0,4.0,1
22,JP-Kyoto-None,-10.0,7.0,12.0,-32.0,-3.0,4.0,2
23,JP-Mie-None,-9.0,4.0,-20.0,-33.0,-1.0,5.0,2
24,JP-Miyagi-None,-14.0,0.0,-37.0,-35.0,-2.0,5.0,2
25,JP-Miyazaki-None,-7.0,7.0,4.0,-15.0,2.0,3.0,2
26,JP-Nagano-None,-31.0,-11.0,-56.0,-44.0,-4.0,8.0,2
27,JP-Nagasaki-None,-3.0,8.0,30.0,-12.0,3.0,2.0,2
28,JP-Nara-None,-7.0,11.0,10.0,-27.0,-5.0,4.0,2
29,JP-Niigata-None,-11.0,3.0,-22.0,-35.0,-3.0,5.0,2
30,JP-Oita-None,-8.0,5.0,22.0,-17.0,-1.0,3.0,2
31,JP-Okayama-None,-7.0,7.0,17.0,-18.0,0.0,3.0,2
32,JP-Okinawa-None,-9.0,0.0,-14.0,-27.0,1.0,3.0,2
33,JP-Osaka-None,-21.0,3.0,-8.0,-39.0,-7.0,6.0,2
34,JP-Saga-None,-4.0,6.0,48.0,-19.0,0.0,3.0,3
35,JP-Saitama-None,-51.0,-28.0,-61.0,-53.0,-20.0,12.0,4
36,JP-Shiga-None,-6.0,7.0,-8.0,-25.0,-2.0,4.0,2
37,JP-Shimane-None,1.0,6.0,45.0,4.0,5.0,1.0,3
38,JP-Shizuoka-None,-17.0,-4.0,-47.0,-38.0,-6.0,7.0,2
39,JP-Tochigi-None,-33.0,-16.0,-61.0,-46.0,-9.0,10.0,4
40,JP-Tokushima-None,-4.0,3.0,27.0,-13.0,0.0,3.0,2
41,JP-Tokyo-None,-63.0,-32.0,-66.0,-59.0,-27.0,14.0,4
42,JP-Tottori-None,1.0,9.0,15.0,-13.0,2.0,2.0,2
43,JP-Toyama-None,-6.0,7.0,-19.0,-26.0,0.0,4.0,2
44,JP-Wakayama-None,-6.0,8.0,16.0,-21.0,-2.0,4.0,2
45,JP-Yamagata-None,-3.0,6.0,-12.0,-27.0,-1.0,3.0,2
46,JP-Yamaguchi-None,-4.0,9.0,49.0,-6.0,1.0,3.0,3
47,JP-Yamanashi-None,-29.0,-13.0,-56.0,-51.0,-9.0,8.0,2
0,JO-None-None,-74.0,-52.0,-59.0,-89.0,-73.0,27.0,0
0,KZ-None-None,-45.0,-24.0,-20.0,-32.0,-17.0,9.0,2
0,KE-None-None,-45.0,-33.0,-20.0,-39.0,-22.0,17.0,2
0,KR-None-None,-19.0,11.0,51.0,-17.0,-12.0,6.0,3
0,KW-None-None,-56.0,-30.0,-48.0,-49.0,-42.0,23.0,4
1,KW-Al Ahmadi Governorate-None,-52.0,-28.0,-40.0,-37.0,-34.0,20.0,4
2,KW-Al Asimah Governate-None,-65.0,-34.0,-56.0,-53.0,-50.0,21.0,4
3,KW-Al Farwaniyah Governorate-None,-50.0,-31.0,-47.0,-55.0,-37.0,24.0,4
4,KW-Al Jahra Governorate-None,-46.0,-30.0,-38.0,-18.0,-32.0,19.0,2
5,KW-Hawalli Governorate-None,-61.0,-28.0,-53.0,-40.0,-52.0,26.0,4
6,KW-Mubarak Al-Kabeer Governorate-None,-56.0,-34.0,-51.0,-42.0,-52.0,21.0,4
0,KG-None-None,-74.0,-64.0,-32.0,-70.0,-43.0,15.0,4
0,LA-None-None,-45.0,-23.0,-18.0,-47.0,-9.0,11.0,2
0,LV-None-None,-50.0,-22.0,-18.0,-48.0,-25.0,7.0,2
0,LB-None-None,-73.0,-48.0,-59.0,-84.0,-41.0,15.0,0
0,LY-None-None,-49.0,-28.0,-32.0,-52.0,-36.0,21.0,4
0,LT-None-None,-72.0,-38.0,-28.0,-63.0,-33.0,11.0,4
1,LT-Alytus County-None,-71.0,-36.0,0.0,-70.0,-32.0,17.0,4
2,LT-Kaunas County-None,-74.0,-40.0,-48.0,-68.0,-33.0,11.0,4
3,LT-Klaipėda County-None,-73.0,-31.0,-43.0,-59.0,-36.0,11.0,4
4,LT-Marijampolė County-None,-64.0,-39.0,-35.0,-41.0,-27.0,18.0,4
5,LT-Panevėžys County-None,-70.0,-36.0,-32.0,-63.0,-26.0,7.0,4
7,LT-Telšiai County-None,-67.0,-40.0,-18.0,-44.0,-24.0,17.0,4
8,LT-Utena County-None,-63.0,-22.0,1.0,-35.0,-23.0,16.0,2
9,LT-Vilnius County-None,-74.0,-41.0,-22.0,-67.0,-40.0,12.0,4
10,LT-Šiauliai County-None,-73.0,-39.0,-41.0,-38.0,-30.0,7.0,4
0,LU-None-None,-90.0,-70.0,-66.0,-78.0,-60.0,23.0,0
0,MK-None-None,-74.0,-41.0,-44.0,-69.0,-51.0,18.0,4
0,MY-None-None,-81.0,-58.0,-68.0,-83.0,-52.0,31.0,0
0,ML-None-None,-25.0,-18.0,-12.0,-36.0,0.0,9.0,2
0,MT-None-None,-76.0,-38.0,-45.0,-57.0,-49.0,19.0,4
0,MU-None-None,-89.0,-86.0,-88.0,-89.0,-69.0,24.0,0
2,MU-Grand Port District-None,-94.0,-90.0,-90.0,-94.0,-70.0,8.0,0
4,MU-Pamplemousses District-None,-81.0,-82.0,-91.0,-81.0,-67.0,7.0,0
6,MU-Port Louis District-None,-88.0,-89.0,-85.0,-87.0,-65.0,6.0,0
7,MU-Rivière Noire District-None,-92.0,-88.0,-91.0,-82.0,-73.0,8.0,0
0,MX-None-None,-45.0,-19.0,-46.0,-47.0,-20.0,11.0,4
0,MD-None-None,-67.0,-44.0,-43.0,-68.0,-37.0,12.0,4
0,MN-None-None,-16.0,5.0,5.0,-16.0,-2.0,2.0,2
0,MZ-None-None,-26.0,-13.0,-22.0,-29.0,1.0,10.0,2
0,MM-None-None,-46.0,-29.0,-19.0,-35.0,-10.0,12.0,2
0,NP-None-None,-78.0,-69.0,-55.0,-74.0,-72.0,28.0,0
0,NL-None-None,-65.0,-29.0,-30.0,-68.0,-35.0,11.0,4
1,NL-Drenthe-None,-61.0,-30.0,-27.0,-58.0,-29.0,9.0,4
2,NL-Flevoland-None,-56.0,-25.0,-5.0,-63.0,-34.0,10.0,4
3,NL-Friesland-None,-57.0,-28.0,-11.0,-51.0,-28.0,9.0,4
4,NL-Gelderland-None,-66.0,-28.0,-29.0,-62.0,-33.0,10.0,4
5,NL-Groningen-None,-65.0,-31.0,2.0,-63.0,-33.0,10.0,4
6,NL-Limburg-None,-76.0,-34.0,-59.0,-65.0,-38.0,12.0,0
7,NL-North Brabant-None,-68.0,-28.0,-33.0,-71.0,-34.0,12.0,4
8,NL-North Holland-None,-66.0,-31.0,-35.0,-78.0,-40.0,12.0,4
9,NL-Overijssel-None,-67.0,-29.0,-25.0,-66.0,-34.0,11.0,4
10,NL-South Holland-None,-60.0,-26.0,-22.0,-64.0,-35.0,11.0,4
11,NL-Utrecht-None,-60.0,-32.0,-17.0,-70.0,-36.0,11.0,4
12,NL-Zeeland-None,-69.0,-40.0,-46.0,-57.0,-31.0,10.0,4
0,NZ-None-None,-91.0,-54.0,-78.0,-84.0,-59.0,22.0,0
1,NZ-Auckland-None,-89.0,-55.0,-70.0,-83.0,-64.0,25.0,0
2,NZ-Bay Of Plenty-None,-92.0,-51.0,-86.0,-83.0,-52.0,22.0,0
3,NZ-Canterbury-None,-90.0,-56.0,-83.0,-90.0,-60.0,22.0,0
5,NZ-Hawke's Bay-None,-94.0,-53.0,-78.0,-84.0,-51.0,31.0,0
6,NZ-Manawatu-Wanganui-None,-93.0,-50.0,-76.0,-84.0,-54.0,33.0,0
7,NZ-Marlborough-None,-92.0,-60.0,-83.0,-91.0,-25.0,0.0,0
9,NZ-Northland-None,-93.0,-55.0,-86.0,-86.0,-52.0,32.0,0
10,NZ-Otago-None,-95.0,-62.0,-82.0,-91.0,-64.0,39.0,0
14,NZ-Waikato-None,-94.0,-55.0,-84.0,-82.0,-57.0,23.0,0
15,NZ-Wellington-None,-93.0,-54.0,-63.0,-84.0,-62.0,20.0,0
0,NI-None-None,-45.0,-25.0,-31.0,-38.0,-17.0,11.0,2
0,NE-None-None,-23.0,-15.0,-19.0,-25.0,-1.0,9.0,2
0,NG-None-None,-39.0,-25.0,-24.0,-34.0,-11.0,15.0,2
0,NO-None-None,-65.0,-32.0,-5.0,-57.0,-34.0,11.0,4
1,NO-Agder-None,-59.0,-21.0,-1.0,-39.0,-31.0,9.0,2
2,NO-Innlandet-None,-66.0,-37.0,-8.0,-54.0,-32.0,10.0,4
3,NO-Møre og Romsdal-None,-73.0,-38.0,-40.0,-67.0,-29.0,10.0,4
4,NO-Nordland-None,-61.0,-18.0,24.0,-71.0,-24.0,8.0,1
5,NO-Oslo-None,-68.0,-26.0,-7.0,-64.0,-45.0,14.0,4
6,NO-Rogaland-None,-61.0,-38.0,4.0,-58.0,-35.0,11.0,1
7,NO-Troms Og Finnmark-None,-74.0,-46.0,-24.0,-71.0,-32.0,10.0,4
8,NO-Trondelag-None,-74.0,-41.0,-15.0,-68.0,-37.0,13.0,4
9,NO-Vestfold Og Telemark-None,-59.0,-23.0,13.0,-52.0,-30.0,10.0,1
10,NO-Vestland-None,-71.0,-47.0,-31.0,-66.0,-36.0,12.0,4
11,NO-Viken-None,-56.0,-21.0,24.0,-59.0,-33.0,11.0,1
0,OM-None-None,-52.0,-35.0,-41.0,-64.0,-34.0,17.0,4
0,PK-None-None,-70.0,-55.0,-45.0,-62.0,-41.0,18.0,4
0,PA-None-None,-84.0,-61.0,-78.0,-77.0,-59.0,31.0,0
0,PG-None-None,-20.0,-9.0,-12.0,-46.0,11.0,12.0,2
0,PY-None-None,-68.0,-52.0,-71.0,-76.0,-30.0,23.0,0
0,PE-None-None,-82.0,-57.0,-76.0,-83.0,-55.0,29.0,0
0,PH-None-None,-81.0,-59.0,-59.0,-82.0,-54.0,26.0,0
0,PL-None-None,-78.0,-59.0,-59.0,-71.0,-36.0,13.0,0
1,PL-Greater Poland Voivodeship-None,-80.0,-61.0,-62.0,-73.0,-37.0,13.0,0
2,PL-Kuyavian-Pomeranian Voivodeship-None,-79.0,-63.0,-73.0,-78.0,-33.0,12.0,0
3,PL-Lesser Poland Voivodeship-None,-84.0,-65.0,-69.0,-78.0,-41.0,14.0,0
4,PL-Lower Silesian Voivodeship-None,-82.0,-65.0,-71.0,-77.0,-38.0,13.0,0
5,PL-Lublin Voivodeship-None,-71.0,-44.0,-25.0,-71.0,-32.0,12.0,4
6,PL-Lubusz Voivodeship-None,-77.0,-65.0,-55.0,-72.0,-37.0,12.0,0
7,PL-Masovian Voivodeship-None,-77.0,-54.0,-60.0,-70.0,-35.0,13.0,0
8,PL-Opole Voivodeship-None,-79.0,-62.0,-55.0,-72.0,-37.0,12.0,0
9,PL-Podkarpackie Voivodeship-None,-71.0,-46.0,-11.0,-71.0,-36.0,13.0,4
10,PL-Podlaskie Voivodeship-None,-75.0,-47.0,-17.0,-60.0,-32.0,11.0,4
11,PL-Pomeranian Voivodeship-None,-82.0,-64.0,-78.0,-78.0,-38.0,14.0,0
12,PL-Silesian Voivodeship-None,-77.0,-58.0,-50.0,-65.0,-35.0,13.0,0
13,PL-Swietokrzyskie-None,-74.0,-44.0,-26.0,-67.0,-34.0,12.0,4
14,PL-Warmian-Masurian Voivodeship-None,-77.0,-60.0,-63.0,-73.0,-35.0,11.0,0
15,PL-West Pomeranian Voivodeship-None,-80.0,-66.0,-76.0,-69.0,-39.0,12.0,0
16,PL-Łódź Voivodeship-None,-74.0,-55.0,-49.0,-66.0,-29.0,13.0,0
0,PT-None-None,-83.0,-59.0,-80.0,-78.0,-53.0,22.0,0
1,PT-Aveiro District-None,-83.0,-61.0,-84.0,-83.0,-53.0,24.0,0
2,PT-Azores-None,-83.0,-56.0,-66.0,-87.0,-47.0,18.0,0
4,PT-Braga-None,-83.0,-60.0,-82.0,-76.0,-52.0,24.0,0
5,PT-Bragança District-None,-85.0,-66.0,-57.0,-78.0,-52.0,18.0,0
6,PT-Castelo Branco District-None,-81.0,-61.0,-65.0,-76.0,-48.0,31.0,0
7,PT-Coimbra District-None,-83.0,-61.0,-80.0,-77.0,-48.0,23.0,0
8,PT-Faro District-None,-83.0,-60.0,-78.0,-82.0,-54.0,21.0,0
9,PT-Guarda District-None,-86.0,-64.0,-75.0,-68.0,-46.0,28.0,0
10,PT-Leiria District-None,-85.0,-62.0,-85.0,-81.0,-50.0,23.0,0
11,PT-Lisbon-None,-84.0,-58.0,-82.0,-79.0,-56.0,22.0,0
12,PT-Madeira-None,-89.0,-63.0,-86.0,-77.0,-60.0,27.0,0
14,PT-Porto District-None,-84.0,-59.0,-82.0,-79.0,-54.0,23.0,0
15,PT-Santarém District-None,-83.0,-59.0,-77.0,-81.0,-46.0,20.0,0
16,PT-Setubal-None,-82.0,-56.0,-78.0,-74.0,-54.0,20.0,0
17,PT-Viana do Castelo District-None,-85.0,-68.0,-76.0,-76.0,-51.0,26.0,0
18,PT-Vila Real District-None,-86.0,-64.0,-71.0,-72.0,-52.0,33.0,0
19,PT-Viseu District-None,-82.0,-60.0,-65.0,-61.0,-48.0,22.0,0
20,PT-Évora District-None,-83.0,-59.0,-78.0,-77.0,-48.0,29.0,0
0,PR-None-None,-77.0,-51.0,-75.0,-79.0,-48.0,21.0,0
0,QA-None-None,-51.0,-25.0,-34.0,-52.0,-31.0,22.0,4
0,RO-None-None,-81.0,-53.0,-60.0,-72.0,-39.0,15.0,0
1,RO-Alba County-None,-83.0,-58.0,-49.0,-62.0,-45.0,12.0,0
2,RO-Arad County-None,-81.0,-55.0,-45.0,-69.0,-38.0,15.0,0
3,RO-Argeș County-None,-79.0,-54.0,-45.0,-73.0,-36.0,15.0,0
4,RO-Bacău County-None,-80.0,-55.0,-47.0,-77.0,-38.0,15.0,0
5,RO-Bihor County-None,-80.0,-59.0,-39.0,-64.0,-38.0,14.0,0
6,RO-Bistrița-Năsăud County-None,-82.0,-64.0,-64.0,-64.0,-43.0,17.0,0
7,RO-Botoșani County-None,-77.0,-51.0,-6.0,-67.0,-38.0,14.0,4
8,RO-Brașov County-None,-85.0,-61.0,-79.0,-79.0,-43.0,17.0,0
9,RO-Brăila County-None,-78.0,-47.0,-71.0,-70.0,-31.0,15.0,0
10,RO-Bucharest-None,-85.0,-50.0,-86.0,-74.0,-45.0,18.0,0
11,RO-Buzău County-None,-76.0,-56.0,-50.0,-59.0,-29.0,15.0,0
12,RO-Caraș-Severin County-None,-77.0,-56.0,-53.0,-69.0,-41.0,19.0,0
13,RO-Cluj County-None,-85.0,-62.0,-66.0,-77.0,-45.0,17.0,0
14,RO-Constanța County-None,-80.0,-49.0,-72.0,-69.0,-37.0,16.0,0
15,RO-Covasna County-None,-85.0,-61.0,-60.0,-61.0,-36.0,20.0,0
16,RO-Călărași County-None,-65.0,-50.0,-53.0,-60.0,-24.0,14.0,4
17,RO-Dolj County-None,-78.0,-53.0,-58.0,-67.0,-32.0,14.0,0
18,RO-Dâmbovița County-None,-76.0,-52.0,-50.0,-61.0,-32.0,14.0,0
19,RO-Galați-None,-80.0,-51.0,-66.0,-71.0,-38.0,16.0,0
20,RO-Giurgiu County-None,-63.0,-38.0,-37.0,-45.0,-19.0,14.0,4
21,RO-Gorj County-None,-73.0,-48.0,-50.0,-67.0,-36.0,15.0,0
22,RO-Harghita County-None,-79.0,-65.0,-60.0,-60.0,-40.0,18.0,0
23,RO-Hunedoara County-None,-82.0,-53.0,-66.0,-67.0,-44.0,14.0,0
24,RO-Ialomița County-None,-62.0,-49.0,-47.0,-63.0,-28.0,17.0,4
25,RO-Iași County-None,-82.0,-53.0,-57.0,-73.0,-39.0,17.0,0
26,RO-Ilfov County-None,-78.0,-47.0,-61.0,-78.0,-39.0,16.0,0
27,RO-Maramureș County-None,-81.0,-58.0,-44.0,-67.0,-44.0,13.0,0
28,RO-Mehedinți County-None,-78.0,-48.0,-51.0,-64.0,-33.0,20.0,0
29,RO-Mureș County-None,-81.0,-58.0,-61.0,-68.0,-37.0,14.0,0
30,RO-Neamț County-None,-80.0,-55.0,-62.0,-79.0,-39.0,16.0,0
31,RO-Olt County-None,-70.0,-46.0,-53.0,-66.0,-35.0,13.0,4
32,RO-Prahova-None,-81.0,-56.0,-72.0,-73.0,-36.0,14.0,0
33,RO-Satu Mare County-None,-82.0,-58.0,-39.0,-72.0,-40.0,13.0,0
34,RO-Sibiu-None,-83.0,-63.0,-70.0,-73.0,-42.0,15.0,0
35,RO-Suceava County-None,-85.0,-65.0,-49.0,-78.0,-48.0,17.0,0
36,RO-Sălaj-None,-82.0,-50.0,-55.0,-64.0,-36.0,16.0,0
37,RO-Teleorman County-None,-56.0,-47.0,-21.0,-55.0,-24.0,13.0,4
38,RO-Timiș County-None,-83.0,-54.0,-71.0,-74.0,-42.0,16.0,0
39,RO-Tulcea County-None,-79.0,-53.0,-60.0,-71.0,-33.0,16.0,0
40,RO-Vaslui County-None,-76.0,-53.0,-28.0,-68.0,-37.0,13.0,4
41,RO-Vrancea County-None,-81.0,-56.0,-36.0,-74.0,-37.0,17.0,0
42,RO-Vâlcea County-None,-78.0,-52.0,-50.0,-66.0,-36.0,14.0,0
0,RW-None-None,-56.0,-57.0,-18.0,-75.0,-31.0,22.0,4
0,SA-None-None,-54.0,-24.0,-49.0,-75.0,-45.0,23.0,4
0,SN-None-None,-44.0,-31.0,-28.0,-50.0,-10.0,12.0,4
0,SG-None-None,-28.0,-6.0,-12.0,-40.0,-15.0,15.0,2
0,SK-None-None,-82.0,-89.0,-9.0,-61.0,-38.0,10.0,4
1,SK-Banská Bystrica Region-None,-81.0,-88.0,5.0,-59.0,-36.0,9.0,4
2,SK-Bratislava Region-None,-83.0,-91.0,-3.0,-64.0,-40.0,12.0,4
3,SK-Košice Region-None,-81.0,-90.0,67.0,-60.0,-34.0,9.0,1
4,SK-Nitra Region-None,-81.0,-90.0,29.0,-58.0,-36.0,9.0,1
5,SK-Prešov Region-None,-82.0,-90.0,-55.0,-71.0,-41.0,10.0,0
6,SK-Trenčín Region-None,-78.0,-88.0,3.0,-57.0,-40.0,9.0,4
7,SK-Trnava Region-None,-81.0,-89.0,45.0,-62.0,-38.0,10.0,1
8,SK-Žilina Region-None,-83.0,-88.0,-25.0,-68.0,-41.0,10.0,0
0,SI-None-None,-88.0,-92.0,-43.0,-54.0,-45.0,13.0,0
1,SI-Administrative unit Maribor-None,-90.0,-95.0,-53.0,-69.0,-45.0,27.0,0
4,SI-Celje-None,-88.0,-94.0,-58.0,-52.0,-39.0,11.0,0
15,SI-Koper-None,-92.0,-85.0,-63.0,-73.0,-47.0,13.0,0
23,SI-Ljubljana-None,-87.0,-91.0,-51.0,-58.0,-44.0,15.0,0
0,ZA-None-None,-79.0,-60.0,-55.0,-80.0,-49.0,24.0,0
0,ES-None-None,-94.0,-76.0,-89.0,-88.0,-64.0,22.0,0
1,ES-Andalusia-None,-94.0,-81.0,-88.0,-90.0,-65.0,21.0,0
2,ES-Aragon-None,-92.0,-75.0,-87.0,-90.0,-64.0,20.0,0
3,ES-Asturias-None,-94.0,-78.0,-88.0,-80.0,-63.0,23.0,0
4,ES-Balearic Islands-None,-92.0,-68.0,-90.0,-88.0,-61.0,22.0,0
5,ES-Basque Country-None,-94.0,-77.0,-93.0,-88.0,-63.0,22.0,0
6,ES-Canary Islands-None,-94.0,-75.0,-92.0,-87.0,-66.0,20.0,0
7,ES-Cantabria-None,-94.0,-76.0,-92.0,-89.0,-61.0,23.0,0
8,ES-Castile and León-None,-94.0,-78.0,-84.0,-89.0,-62.0,22.0,0
9,ES-Castile-La Mancha-None,-93.0,-77.0,-84.0,-89.0,-63.0,21.0,0
10,ES-Catalonia-None,-94.0,-75.0,-90.0,-88.0,-64.0,21.0,0
12,ES-Community of Madrid-None,-94.0,-72.0,-92.0,-89.0,-65.0,22.0,0
13,ES-Extremadura-None,-93.0,-75.0,-79.0,-87.0,-60.0,22.0,0
14,ES-Galicia-None,-92.0,-77.0,-84.0,-88.0,-59.0,24.0,0
15,ES-La Rioja-None,-94.0,-75.0,-90.0,-90.0,-65.0,23.0,0
16,ES-Melilla-None,-92.0,-86.0,-90.0,-87.0,-59.0,-2.0,0
17,ES-Navarre-None,-93.0,-77.0,-88.0,-90.0,-61.0,23.0,0
18,ES-Region of Murcia-None,-94.0,-85.0,-90.0,-86.0,-63.0,24.0,0
19,ES-Valencian Community-None,-95.0,-84.0,-92.0,-90.0,-66.0,22.0,0
0,LK-None-None,-86.0,-87.0,-57.0,-78.0,-50.0,32.0,0
0,SE-None-None,-24.0,-10.0,43.0,-36.0,-18.0,5.0,1
1,SE-Blekinge County-None,-6.0,-5.0,26.0,-23.0,-18.0,9.0,1
2,SE-Dalarna County-None,-34.0,-15.0,1.0,-30.0,-17.0,5.0,2
3,SE-Gavleborg County-None,-27.0,-10.0,10.0,-27.0,-14.0,5.0,2
5,SE-Halland County-None,-13.0,-7.0,74.0,-25.0,-14.0,5.0,3
6,SE-Jamtland County-None,-41.0,-25.0,3.0,-46.0,-16.0,8.0,2
7,SE-Jonkoping County-None,-24.0,-7.0,30.0,-29.0,-23.0,6.0,1
8,SE-Kalmar County-None,-11.0,-5.0,21.0,-27.0,-13.0,5.0,2
9,SE-Kronoberg County-None,-19.0,-6.0,-51.0,-35.0,-17.0,8.0,2
10,SE-Norrbotten County-None,-30.0,-14.0,60.0,-38.0,-15.0,2.0,3
11,SE-Skåne County-None,-23.0,-8.0,23.0,-43.0,-16.0,6.0,1
12,SE-Stockholm County-None,-31.0,-14.0,24.0,-45.0,-21.0,7.0,1
13,SE-Södermanland County-None,-18.0,-7.0,46.0,-41.0,-19.0,5.0,1
14,SE-Uppsala County-None,-27.0,-9.0,35.0,-36.0,-18.0,7.0,1
15,SE-Varmland County-None,-28.0,-11.0,0.0,-25.0,-13.0,5.0,2
16,SE-Västerbotten County-None,-27.0,-10.0,34.0,-32.0,-18.0,3.0,1
17,SE-Västernorrland County-None,-26.0,-9.0,-14.0,-26.0,-17.0,4.0,2
18,SE-Västmanland County-None,-18.0,-7.0,-25.0,-32.0,-17.0,5.0,2
19,SE-Västra Götaland County-None,-24.0,-9.0,38.0,-34.0,-18.0,6.0,1
20,SE-Örebro County-None,-18.0,-7.0,59.0,-28.0,-18.0,5.0,3
21,SE-Östergötland County-None,-18.0,-12.0,60.0,-33.0,-17.0,5.0,3
0,CH-None-None,-81.0,-51.0,-41.0,-68.0,-46.0,15.0,0
1,CH-Aargau-None,-75.0,-35.0,-14.0,-56.0,-41.0,13.0,4
4,CH-Basel City-None,-89.0,-41.0,-65.0,-76.0,-48.0,25.0,0
5,CH-Basel-Landschaft-None,-77.0,-21.0,-25.0,-61.0,-40.0,23.0,4
6,CH-Canton of Bern-None,-80.0,-53.0,-36.0,-68.0,-43.0,14.0,4
8,CH-Fribourg-None,-82.0,-44.0,-41.0,-62.0,-42.0,20.0,4
9,CH-Geneva-None,-82.0,-60.0,-40.0,-84.0,-54.0,21.0,0
11,CH-Grisons-None,-89.0,-78.0,-59.0,-78.0,-57.0,20.0,0
13,CH-Lucerne-None,-82.0,-38.0,-50.0,-66.0,-40.0,16.0,0
14,CH-Neuchâtel-None,-78.0,-48.0,-18.0,-58.0,-46.0,28.0,4
18,CH-Schwyz-None,-72.0,-55.0,-45.0,-66.0,-44.0,23.0,0
19,CH-Solothurn-None,-77.0,-35.0,-13.0,-63.0,-38.0,15.0,4
20,CH-St. Gallen-None,-80.0,-44.0,-29.0,-58.0,-42.0,14.0,4
21,CH-Thurgau-None,-79.0,-30.0,-44.0,-61.0,-40.0,15.0,4
22,CH-Ticino-None,-85.0,-69.0,-51.0,-64.0,-49.0,21.0,0
24,CH-Valais-None,-87.0,-67.0,-61.0,-75.0,-57.0,17.0,0
25,CH-Vaud-None,-79.0,-49.0,-42.0,-68.0,-50.0,17.0,0
26,CH-Zurich-None,-82.0,-44.0,-53.0,-73.0,-47.0,16.0,0
0,TW-None-None,-9.0,3.0,17.0,-24.0,-1.0,4.0,2
0,TJ-None-None,-8.0,-8.0,4.0,-17.0,10.0,-3.0,2
0,TZ-None-None,-16.0,-8.0,-7.0,-11.0,-9.0,3.0,2
0,TH-None-None,-55.0,-27.0,-54.0,-61.0,-21.0,16.0,4
0,TG-None-None,-37.0,-25.0,-21.0,-41.0,-9.0,16.0,2
0,TT-None-None,-29.0,10.0,-40.0,-70.0,-17.0,9.0,2
0,TR-None-None,-75.0,-39.0,-58.0,-71.0,-45.0,17.0,0
0,UG-None-None,-50.0,-36.0,-16.0,-59.0,-23.0,19.0,4
0,AE-None-None,-55.0,-26.0,-53.0,-69.0,-45.0,26.0,4
0,GB-None-None,-85.0,-46.0,-52.0,-75.0,-55.0,15.0,0
1,GB-Aberdeen City-None,-86.0,-41.0,-46.0,-73.0,-58.0,30.0,0
2,GB-Aberdeenshire-None,-80.0,-46.0,-45.0,-58.0,-52.0,27.0,0
3,GB-Angus council-None,-80.0,-44.0,-28.0,-51.0,-48.0,20.0,4
4,GB-Antrim And Newtownabbey-None,-81.0,-46.0,-61.0,-89.0,-52.0,29.0,0
5,GB-Ards And North Down-None,-78.0,-39.0,-57.0,-57.0,-56.0,28.0,0
6,GB-Argyll and Bute Council-None,-88.0,-45.0,-34.0,-57.0,-52.0,8.0,4
7,GB-Armagh City and Banbridge And Craigavon-None,-82.0,-45.0,-66.0,-65.0,-47.0,27.0,0
8,GB-Bath and North East Somerset-None,-91.0,-48.0,-54.0,-75.0,-66.0,30.0,0
9,GB-Bedford-None,-86.0,-47.0,-51.0,-72.0,-49.0,28.0,0
10,GB-Belfast-None,-85.0,-42.0,-47.0,-76.0,-59.0,17.0,0
12,GB-Blackpool-None,-88.0,-43.0,-64.0,-65.0,-54.0,22.0,0
14,GB-Borough of Halton-None,-78.0,-43.0,-46.0,-60.0,-48.0,25.0,4
15,GB-Bracknell Forest-None,-83.0,-41.0,-56.0,-69.0,-58.0,31.0,0
16,GB-Bridgend County Borough-None,-85.0,-43.0,-48.0,-59.0,-50.0,25.0,0
17,GB-Brighton and Hove-None,-89.0,-48.0,-59.0,-77.0,-64.0,30.0,0
18,GB-Buckinghamshire-None,-85.0,-45.0,-43.0,-74.0,-57.0,16.0,0
19,GB-Caerphilly County Borough-None,-78.0,-41.0,-52.0,-54.0,-47.0,25.0,0
20,GB-Cambridgeshire-None,-87.0,-48.0,-51.0,-79.0,-54.0,16.0,0
21,GB-Cardiff-None,-86.0,-45.0,-48.0,-79.0,-59.0,17.0,0
22,GB-Carmarthenshire-None,-81.0,-46.0,-57.0,-60.0,-49.0,24.0,0
23,GB-Causeway Coast and Glens-None,-87.0,-41.0,-66.0,-64.0,-55.0,26.0,0
24,GB-Central Bedfordshire-None,-82.0,-45.0,-41.0,-74.0,-54.0,20.0,0
25,GB-Ceredigion-None,-84.0,-54.0,-60.0,-69.0,-57.0,6.0,0
26,GB-Cheshire East-None,-84.0,-47.0,-63.0,-75.0,-53.0,15.0,0
27,GB-Cheshire West and Chester-None,-88.0,-47.0,-58.0,-77.0,-55.0,15.0,0
28,GB-City of Bristol-None,-87.0,-47.0,-25.0,-81.0,-57.0,18.0,0
30,GB-Conwy Principal Area-None,-86.0,-48.0,-70.0,-63.0,-58.0,22.0,0
31,GB-Cornwall-None,-85.0,-53.0,-54.0,-66.0,-56.0,14.0,0
32,GB-County Durham-None,-83.0,-42.0,-56.0,-68.0,-55.0,14.0,0
33,GB-Cumbria-None,-84.0,-50.0,-54.0,-73.0,-58.0,15.0,0
34,GB-Darlington-None,-86.0,-47.0,-57.0,-75.0,-51.0,26.0,0
35,GB-Denbighshire-None,-84.0,-43.0,-59.0,-70.0,-52.0,14.0,0
36,GB-Derby-None,-85.0,-46.0,-55.0,-81.0,-55.0,19.0,0
37,GB-Derbyshire-None,-86.0,-43.0,-55.0,-66.0,-55.0,15.0,0
38,GB-Derry And Strabane-None,-80.0,-39.0,-63.0,-60.0,-54.0,25.0,0
39,GB-Devon-None,-87.0,-51.0,-54.0,-73.0,-54.0,15.0,0
40,GB-Dorset-None,-87.0,-47.0,-57.0,-70.0,-57.0,15.0,0
41,GB-Dumfries and Galloway-None,-80.0,-42.0,-48.0,-75.0,-49.0,22.0,0
42,GB-Dundee City Council-None,-83.0,-52.0,-10.0,-71.0,-56.0,26.0,4
45,GB-East Lothian Council-None,-81.0,-37.0,-34.0,-57.0,-56.0,17.0,4
46,GB-East Renfrewshire Council-None,-63.0,-29.0,-54.0,-51.0,-56.0,19.0,4
47,GB-East Riding of Yorkshire-None,-85.0,-45.0,-61.0,-51.0,-52.0,14.0,0
48,GB-East Sussex-None,-87.0,-46.0,-60.0,-68.0,-57.0,14.0,0
49,GB-Edinburgh-None,-86.0,-44.0,-42.0,-83.0,-67.0,18.0,0
50,GB-Essex-None,-84.0,-49.0,-58.0,-85.0,-56.0,16.0,0
51,GB-Falkirk-None,-78.0,-38.0,-26.0,-56.0,-47.0,27.0,4
52,GB-Fermanagh And Omagh-None,-86.0,-47.0,-55.0,-54.0,-52.0,27.0,0
53,GB-Fife-None,-79.0,-38.0,-32.0,-56.0,-51.0,14.0,4
54,GB-Flintshire-None,-80.0,-44.0,-48.0,-60.0,-54.0,26.0,0
55,GB-Glasgow City-None,-84.0,-44.0,-37.0,-81.0,-60.0,16.0,0
56,GB-Gloucestershire-None,-86.0,-48.0,-49.0,-73.0,-55.0,15.0,0
57,GB-Greater London-None,-87.0,-48.0,-59.0,-80.0,-62.0,19.0,0
58,GB-Greater Manchester-None,-84.0,-46.0,-44.0,-80.0,-54.0,16.0,0
59,GB-Gwynedd-None,-87.0,-55.0,-62.0,-65.0,-56.0,18.0,0
60,GB-Hampshire-None,-85.0,-45.0,-48.0,-74.0,-54.0,15.0,0
61,GB-Hartlepool-None,-86.0,-44.0,-64.0,-70.0,-51.0,19.0,0
62,GB-Herefordshire-None,-86.0,-50.0,-42.0,-64.0,-46.0,24.0,0
63,GB-Hertfordshire-None,-85.0,-47.0,-46.0,-73.0,-56.0,16.0,0
64,GB-Highland Council-None,-83.0,-47.0,-48.0,-70.0,-53.0,24.0,0
66,GB-Isle of Anglesey-None,-84.0,-48.0,-65.0,-63.0,-46.0,7.0,0
67,GB-Isle of Wight-None,-88.0,-47.0,-57.0,-76.0,-54.0,22.0,0
68,GB-Kent-None,-86.0,-49.0,-62.0,-68.0,-53.0,15.0,0
69,GB-Kingston upon Hull-None,-82.0,-45.0,-49.0,-71.0,-51.0,14.0,0
70,GB-Lancashire-None,-84.0,-44.0,-39.0,-71.0,-52.0,14.0,0
71,GB-Leicester-None,-84.0,-47.0,-45.0,-80.0,-51.0,15.0,0
72,GB-Leicestershire-None,-83.0,-45.0,-54.0,-72.0,-55.0,15.0,0
73,GB-Lincolnshire-None,-84.0,-45.0,-63.0,-67.0,-47.0,13.0,0
74,GB-Lisburn and Castlereagh-None,-87.0,-45.0,-79.0,-61.0,-56.0,30.0,0
75,GB-Luton-None,-79.0,-39.0,-41.0,-90.0,-49.0,19.0,0
76,GB-Medway-None,-85.0,-40.0,-67.0,-71.0,-51.0,15.0,0
77,GB-Merseyside-None,-83.0,-42.0,-53.0,-74.0,-54.0,15.0,0
79,GB-Mid And East Antrim-None,-81.0,-37.0,-52.0,-56.0,-56.0,27.0,0
81,GB-Middlesbrough-None,-84.0,-43.0,-63.0,-73.0,-51.0,24.0,0
82,GB-Midlothian-None,-90.0,-43.0,-20.0,-50.0,-53.0,25.0,4
83,GB-Milton Keynes-None,-85.0,-49.0,-53.0,-79.0,-55.0,19.0,0
84,GB-Monmouthshire-None,-85.0,-56.0,-61.0,-58.0,-47.0,16.0,0
85,GB-Moray-None,-88.0,-45.0,-42.0,-63.0,-54.0,12.0,0
87,GB-Neath Port Talbot Principle Area-None,-74.0,-38.0,-46.0,-60.0,-46.0,23.0,4
88,GB-Newport-None,-83.0,-47.0,-49.0,-66.0,-52.0,26.0,0
89,GB-Newry and Mourne And Down-None,-87.0,-45.0,-65.0,-55.0,-52.0,29.0,0
90,GB-Norfolk-None,-87.0,-52.0,-69.0,-68.0,-53.0,14.0,0
91,GB-North Ayrshire Council-None,-79.0,-37.0,-12.0,-59.0,-51.0,25.0,4
92,GB-North East Lincolnshire-None,-85.0,-46.0,-72.0,-68.0,-46.0,22.0,0
94,GB-North Lincolnshire-None,-79.0,-41.0,-56.0,-58.0,-46.0,23.0,0
95,GB-North Somerset-None,-84.0,-50.0,-52.0,-88.0,-54.0,27.0,0
96,GB-North Yorkshire-None,-88.0,-48.0,-65.0,-74.0,-55.0,15.0,0
97,GB-Northamptonshire-None,-84.0,-42.0,-59.0,-71.0,-47.0,14.0,0
98,GB-Northumberland-None,-84.0,-42.0,-66.0,-61.0,-54.0,14.0,0
99,GB-Nottinghamshire-None,-90.0,-45.0,-58.0,-80.0,-56.0,15.0,0
101,GB-Oxfordshire-None,-87.0,-45.0,-48.0,-79.0,-58.0,17.0,0
102,GB-Pembrokeshire-None,-87.0,-49.0,-62.0,-61.0,-47.0,18.0,0
103,GB-Perth and Kinross-None,-86.0,-46.0,-39.0,-65.0,-54.0,27.0,0
104,GB-Peterborough-None,-80.0,-45.0,-36.0,-77.0,-43.0,17.0,4
105,GB-Plymouth-None,-87.0,-50.0,-43.0,-70.0,-54.0,18.0,0
106,GB-Portsmouth-None,-88.0,-43.0,-46.0,-71.0,-54.0,19.0,0
107,GB-Powys-None,-88.0,-50.0,-56.0,-63.0,-51.0,23.0,0
108,GB-Reading-None,-89.0,-50.0,-41.0,-84.0,-55.0,32.0,0
109,GB-Redcar and Cleveland-None,-88.0,-44.0,-63.0,-62.0,-50.0,23.0,0
110,GB-Renfrewshire-None,-86.0,-39.0,14.0,-84.0,-58.0,29.0,4
111,GB-Rhondda Cynon Taff-None,-80.0,-41.0,-47.0,-52.0,-50.0,19.0,4
113,GB-Scottish Borders-None,-88.0,-46.0,-39.0,-44.0,-51.0,20.0,4
115,GB-Shropshire-None,-85.0,-49.0,-56.0,-70.0,-50.0,14.0,0
116,GB-Slough-None,-80.0,-45.0,-45.0,-78.0,-54.0,29.0,0
117,GB-Somerset-None,-86.0,-48.0,-56.0,-73.0,-49.0,14.0,0
118,GB-South Ayrshire Council-None,-88.0,-42.0,-35.0,-62.0,-56.0,20.0,4
119,GB-South Gloucestershire-None,-81.0,-45.0,-30.0,-64.0,-52.0,20.0,4
120,GB-South Lanarkshire-None,-78.0,-38.0,-6.0,-57.0,-54.0,14.0,4
121,GB-South Yorkshire-None,-86.0,-43.0,-47.0,-71.0,-53.0,15.0,0
122,GB-Southampton-None,-87.0,-41.0,-57.0,-71.0,-54.0,19.0,0
123,GB-Southend-on-Sea-None,-89.0,-39.0,-63.0,-79.0,-57.0,28.0,0
124,GB-Staffordshire-None,-85.0,-44.0,-54.0,-73.0,-54.0,14.0,0
125,GB-Stirling-None,-85.0,-49.0,-49.0,-76.0,-62.0,11.0,0
126,GB-Stockton-on-Tees-None,-84.0,-47.0,-60.0,-69.0,-52.0,25.0,0
127,GB-Stoke-on-Trent-None,-84.0,-44.0,-41.0,-70.0,-49.0,14.0,0
128,GB-Suffolk-None,-87.0,-51.0,-67.0,-69.0,-54.0,15.0,0
129,GB-Surrey-None,-85.0,-44.0,-57.0,-74.0,-59.0,17.0,0
130,GB-Swansea-None,-84.0,-50.0,-51.0,-67.0,-54.0,19.0,0
131,GB-Swindon-None,-83.0,-44.0,-30.0,-69.0,-52.0,28.0,4
132,GB-Thurrock-None,-88.0,-53.0,-51.0,-59.0,-50.0,29.0,0
133,GB-Torbay-None,-86.0,-44.0,-58.0,-68.0,-55.0,24.0,0
135,GB-Tyne and Wear-None,-85.0,-47.0,-58.0,-74.0,-57.0,15.0,0
136,GB-Vale of Glamorgan-None,-84.0,-49.0,-59.0,-70.0,-54.0,27.0,0
137,GB-Warrington-None,-86.0,-42.0,-29.0,-68.0,-52.0,27.0,4
138,GB-Warwickshire-None,-86.0,-44.0,-56.0,-72.0,-54.0,15.0,0
139,GB-West Berkshire-None,-88.0,-49.0,-41.0,-82.0,-58.0,29.0,0
141,GB-West Lothian-None,-74.0,-29.0,-29.0,-52.0,-50.0,27.0,4
142,GB-West Midlands-None,-84.0,-45.0,-45.0,-78.0,-57.0,15.0,0
143,GB-West Sussex-None,-85.0,-46.0,-53.0,-85.0,-56.0,15.0,0
144,GB-West Yorkshire-None,-84.0,-44.0,-49.0,-74.0,-55.0,15.0,0
145,GB-Wiltshire-None,-84.0,-45.0,-56.0,-70.0,-54.0,15.0,0
146,GB-Windsor and Maidenhead-None,-88.0,-42.0,-74.0,-79.0,-63.0,31.0,0
147,GB-Wokingham-None,-81.0,-52.0,-26.0,-66.0,-61.0,32.0,4
148,GB-Worcestershire-None,-86.0,-47.0,-44.0,-71.0,-55.0,14.0,0
149,GB-Wrexham Principal Area-None,-83.0,-43.0,-45.0,-64.0,-48.0,24.0,0
150,GB-York-None,-90.0,-50.0,-64.0,-84.0,-65.0,29.0,0
0,US-None-None,-47.0,-22.0,-19.0,-51.0,-38.0,12.0,4
1,US-Alabama-None,-41.0,-13.0,19.0,-30.0,-32.0,9.0,1
2,US-Alaska-None,-48.0,-27.0,18.0,-55.0,-33.0,10.0,1
3,US-Arizona-None,-40.0,-17.0,-7.0,-41.0,-33.0,10.0,2
4,US-Arkansas-None,-29.0,-7.0,81.0,-22.0,-27.0,7.0,3
5,US-California-None,-50.0,-24.0,-38.0,-54.0,-39.0,15.0,4
6,US-Colorado-None,-51.0,-27.0,-12.0,-60.0,-40.0,13.0,4
7,US-Connecticut-None,-56.0,-32.0,-52.0,-64.0,-38.0,15.0,4
8,US-Delaware-None,-47.0,-28.0,-6.0,-57.0,-37.0,12.0,4
9,US-District of Columbia-None,-64.0,-30.0,-41.0,-68.0,-47.0,14.0,4
10,US-Florida-None,-50.0,-26.0,-48.0,-63.0,-41.0,13.0,4
11,US-Georgia-None,-42.0,-17.0,-2.0,-52.0,-37.0,11.0,2
12,US-Hawaii-None,-56.0,-36.0,-65.0,-72.0,-45.0,16.0,0
13,US-Idaho-None,-42.0,-18.0,25.0,-34.0,-38.0,10.0,1
14,US-Illinois-None,-53.0,-24.0,-29.0,-55.0,-39.0,13.0,4
15,US-Indiana-None,-48.0,-25.0,24.0,-34.0,-36.0,11.0,1
16,US-Iowa-None,-43.0,-10.0,41.0,-28.0,-29.0,10.0,1
17,US-Kansas-None,-36.0,-14.0,72.0,-20.0,-30.0,9.0,3
18,US-Kentucky-None,-37.0,-11.0,68.0,-34.0,-34.0,9.0,3
19,US-Louisiana-None,-45.0,-16.0,-18.0,-49.0,-35.0,11.0,2
20,US-Maine-None,-50.0,-22.0,-24.0,-56.0,-31.0,10.0,4
21,US-Maryland-None,-45.0,-25.0,29.0,-51.0,-39.0,13.0,1
22,US-Massachusetts-None,-59.0,-36.0,-56.0,-73.0,-42.0,16.0,4
23,US-Michigan-None,-58.0,-28.0,15.0,-55.0,-43.0,12.0,1
24,US-Minnesota-None,-58.0,-35.0,-16.0,-64.0,-38.0,14.0,4
25,US-Mississippi-None,-32.0,-7.0,27.0,-29.0,-30.0,9.0,1
26,US-Missouri-None,-38.0,-12.0,73.0,-34.0,-32.0,9.0,3
27,US-Montana-None,-51.0,-25.0,28.0,-37.0,-37.0,10.0,1
28,US-Nebraska-None,-34.0,-9.0,109.0,-18.0,-24.0,8.0,3
29,US-Nevada-None,-47.0,-23.0,-38.0,-62.0,-52.0,14.0,4
30,US-New Hampshire-None,-58.0,-35.0,-63.0,-63.0,-38.0,13.0,4
31,US-New Jersey-None,-59.0,-33.0,-36.0,-70.0,-44.0,16.0,4
32,US-New Mexico-None,-44.0,-18.0,-12.0,-31.0,-34.0,11.0,2
33,US-New York-None,-62.0,-32.0,-47.0,-68.0,-46.0,16.0,4
34,US-North Carolina-None,-40.0,-15.0,13.0,-51.0,-35.0,10.0,1
35,US-North Dakota-None,-44.0,-13.0,73.0,-36.0,-24.0,9.0,3
36,US-Ohio-None,-43.0,-19.0,117.0,-33.0,-35.0,10.0,3
37,US-Oklahoma-None,-36.0,-12.0,29.0,-23.0,-32.0,9.0,1
38,US-Oregon-None,-51.0,-25.0,-22.0,-47.0,-38.0,12.0,4
39,US-Pennsylvania-None,-50.0,-27.0,7.0,-52.0,-38.0,12.0,1
40,US-Rhode Island-None,-55.0,-30.0,-50.0,-67.0,-37.0,14.0,4
41,US-South Carolina-None,-38.0,-11.0,-4.0,-34.0,-34.0,9.0,2
42,US-South Dakota-None,-35.0,-3.0,126.0,-31.0,-25.0,8.0,3
43,US-Tennessee-None,-35.0,-9.0,35.0,-35.0,-34.0,8.0,1
44,US-Texas-None,-45.0,-23.0,-27.0,-47.0,-36.0,13.0,4
45,US-Utah-None,-41.0,-14.0,26.0,-44.0,-40.0,10.0,1
46,US-Vermont-None,-62.0,-42.0,-55.0,-71.0,-43.0,13.0,4
47,US-Virginia-None,-39.0,-16.0,46.0,-50.0,-36.0,11.0,1
48,US-Washington-None,-48.0,-26.0,-11.0,-56.0,-41.0,13.0,4
49,US-West Virginia-None,-38.0,-16.0,52.0,-31.0,-33.0,8.0,1
50,US-Wisconsin-None,-55.0,-30.0,-12.0,-50.0,-34.0,13.0,4
51,US-Wyoming-None,-37.0,-13.0,29.0,-14.0,-29.0,8.0,1
0,UY-None-None,-75.0,-45.0,-79.0,-71.0,-35.0,22.0,0
1,UY-Artigas Department-None,-60.0,-45.0,-71.0,-77.0,-24.0,-3.0,0
2,UY-Canelones Department-None,-74.0,-49.0,-77.0,-75.0,-31.0,20.0,0
3,UY-Cerro Largo Department-None,-74.0,-43.0,-76.0,-73.0,-28.0,13.0,0
4,UY-Colonia Department-None,-78.0,-51.0,-84.0,-90.0,-38.0,21.0,0
5,UY-Durazno Department-None,-68.0,-39.0,-68.0,-79.0,-21.0,-2.0,0
7,UY-Florida Department-None,-63.0,-37.0,-78.0,-70.0,-23.0,13.0,0
8,UY-Lavalleja Department-None,-53.0,-35.0,-76.0,-69.0,-22.0,-2.0,4
9,UY-Maldonado Department-None,-87.0,-65.0,-88.0,-86.0,-56.0,24.0,0
10,UY-Montevideo Department-None,-73.0,-37.0,-72.0,-58.0,-37.0,23.0,0
11,UY-Paysandú Department-None,-68.0,-22.0,-75.0,-78.0,-23.0,18.0,0
12,UY-Rivera Department-None,-71.0,-33.0,-76.0,-67.0,-33.0,12.0,0
13,UY-Rocha Department-None,-89.0,-75.0,-89.0,-90.0,-41.0,9.0,0
14,UY-Río Negro Department-None,-72.0,-49.0,-82.0,-64.0,-27.0,-3.0,0
15,UY-Salto Department-None,-71.0,-49.0,-74.0,-68.0,-30.0,17.0,0
16,UY-San José Department-None,-60.0,-40.0,-78.0,-61.0,-23.0,19.0,0
18,UY-Tacuarembó Department-None,-67.0,-43.0,-77.0,-76.0,-25.0,15.0,0
0,VE-None-None,-62.0,-44.0,-57.0,-62.0,-25.0,16.0,4
0,VN-None-None,-52.0,-29.0,-33.0,-49.0,-20.0,16.0,4
0,YE-None-None,-8.0,-1.0,-9.0,-9.0,-5.0,5.0,2
0,ZM-None-None,-21.0,-8.0,-6.0,-24.0,0.0,10.0,2
0,ZW-None-None,-2.0,24.0,-4.0,-6.0,14.0,13.0,2
0,US-Alabama-None,-41.0,-13.0,19.0,-30.0,-32.0,9.0,1
2,US-Alabama-Baldwin County,-47.0,-19.0,-27.0,-24.0,-32.0,9.0,2
17,US-Alabama-Colbert County,-30.0,-6.0,-14.0,-20.0,-22.0,12.0,2
22,US-Alabama-Cullman County,-33.0,-2.0,86.0,-33.0,-29.0,8.0,3
25,US-Alabama-DeKalb County,-38.0,-7.0,9.0,-33.0,-23.0,11.0,2
28,US-Alabama-Etowah County,-47.0,-13.0,19.0,-27.0,-33.0,9.0,1
35,US-Alabama-Houston County,-46.0,-18.0,23.0,-27.0,-30.0,9.0,1
37,US-Alabama-Jefferson County,-48.0,-16.0,7.0,-43.0,-36.0,11.0,1
45,US-Alabama-Madison County,-46.0,-17.0,35.0,-39.0,-38.0,10.0,1
49,US-Alabama-Mobile County,-39.0,-11.0,-21.0,-30.0,-29.0,9.0,2
51,US-Alabama-Montgomery County,-44.0,-14.0,-9.0,-14.0,-34.0,11.0,2
52,US-Alabama-Morgan County,-37.0,-4.0,18.0,-27.0,-27.0,8.0,1
61,US-Alabama-Talladega County,-31.0,-10.0,17.0,-12.0,-33.0,7.0,2
63,US-Alabama-Tuscaloosa County,-46.0,-14.0,-1.0,-29.0,-40.0,12.0,2
0,US-Alaska-None,-48.0,-27.0,18.0,-55.0,-33.0,10.0,1
1,US-Alaska-Anchorage,-49.0,-25.0,51.0,-53.0,-39.0,11.0,1
4,US-Alaska-Juneau,-61.0,-34.0,-34.0,-66.0,-31.0,-1.0,4
0,US-Arizona-None,-40.0,-17.0,-7.0,-41.0,-33.0,10.0,2
1,US-Arizona-Apache County,-38.0,-13.0,-35.0,-8.0,-27.0,20.0,2
2,US-Arizona-Cochise County,-37.0,-21.0,-14.0,-23.0,-29.0,8.0,2
3,US-Arizona-Coconino County,-55.0,-24.0,-25.0,-34.0,-38.0,12.0,4
8,US-Arizona-Maricopa County,-40.0,-18.0,-6.0,-44.0,-33.0,10.0,2
9,US-Arizona-Mohave County,-36.0,-13.0,-13.0,-23.0,-37.0,9.0,2
10,US-Arizona-Navajo County,-29.0,-9.0,11.0,-12.0,-28.0,10.0,2
11,US-Arizona-Pima County,-43.0,-16.0,-16.0,-43.0,-36.0,10.0,2
12,US-Arizona-Pinal County,-27.0,-23.0,1.0,-28.0,-31.0,8.0,2
13,US-Arizona-Santa Cruz County,-56.0,-47.0,-29.0,-25.0,-33.0,18.0,4
14,US-Arizona-Yavapai County,-40.0,-15.0,6.0,-27.0,-38.0,9.0,2
15,US-Arizona-Yuma County,-45.0,-21.0,-17.0,-53.0,-27.0,10.0,2
0,US-Arkansas-None,-29.0,-7.0,81.0,-22.0,-27.0,7.0,3
4,US-Arkansas-Benton County,-36.0,-16.0,56.0,-65.0,-34.0,9.0,1
15,US-Arkansas-Craighead County,-32.0,-3.0,-59.0,-5.0,-24.0,4.0,2
43,US-Arkansas-Miller County,-33.0,-10.0,-35.0,-24.0,-32.0,12.0,2
57,US-Arkansas-Pulaski County,-35.0,-9.0,73.0,-38.0,-30.0,9.0,3
59,US-Arkansas-Saline County,-26.0,-13.0,-52.0,-10.0,-33.0,7.0,2
62,US-Arkansas-Sebastian County,-36.0,-11.0,45.0,-41.0,-27.0,7.0,1
69,US-Arkansas-Washington County,-37.0,-16.0,37.0,-10.0,-34.0,8.0,1
70,US-Arkansas-White County,-27.0,-12.0,-19.0,4.0,-21.0,9.0,2
0,US-California-None,-50.0,-24.0,-38.0,-54.0,-39.0,15.0,4
1,US-California-Alameda County,-58.0,-27.0,-14.0,-64.0,-44.0,17.0,4
3,US-California-Butte County,-45.0,-16.0,-23.0,-45.0,-34.0,11.0,2
6,US-California-Contra Costa County,-48.0,-21.0,-15.0,-49.0,-41.0,15.0,4
8,US-California-El Dorado County,-58.0,-37.0,-35.0,-50.0,-48.0,13.0,4
9,US-California-Fresno County,-40.0,-14.0,-27.0,-43.0,-31.0,11.0,2
10,US-California-Glenn County,-23.0,-14.0,-11.0,-20.0,-36.0,2.0,2
11,US-California-Humboldt County,-48.0,-23.0,-10.0,-48.0,-35.0,11.0,2
12,US-California-Imperial County,-53.0,-31.0,-65.0,-62.0,-32.0,16.0,4
14,US-California-Kern County,-43.0,-17.0,-16.0,-37.0,-30.0,11.0,2
15,US-California-Kings County,-34.0,-14.0,-12.0,-43.0,-27.0,10.0,2
16,US-California-Lake County,-38.0,-13.0,-42.0,-42.0,-33.0,16.0,2
18,US-California-Los Angeles County,-51.0,-27.0,-48.0,-54.0,-41.0,17.0,4
19,US-California-Madera County,-39.0,-25.0,-20.0,-30.0,-30.0,11.0,2
20,US-California-Marin County,-61.0,-30.0,-59.0,-61.0,-42.0,17.0,4
22,US-California-Mendocino County,-47.0,-29.0,-39.0,-44.0,-32.0,17.0,4
23,US-California-Merced County,-34.0,-18.0,-1.0,-37.0,-26.0,11.0,2
26,US-California-Monterey County,-46.0,-19.0,-48.0,-45.0,-43.0,14.0,4
27,US-California-Napa County,-53.0,-34.0,-24.0,-45.0,-51.0,18.0,4
28,US-California-Nevada County,-56.0,-26.0,-48.0,-73.0,-41.0,15.0,4
29,US-California-Orange County,-52.0,-24.0,-31.0,-55.0,-44.0,17.0,4
30,US-California-Placer County,-52.0,-27.0,-2.0,-55.0,-44.0,13.0,4
32,US-California-Riverside County,-43.0,-20.0,-44.0,-41.0,-39.0,14.0,4
33,US-California-Sacramento County,-45.0,-21.0,-1.0,-57.0,-37.0,13.0,1
35,US-California-San Bernardino County,-45.0,-23.0,-36.0,-42.0,-34.0,14.0,4
36,US-California-San Diego County,-50.0,-26.0,-51.0,-64.0,-41.0,15.0,4
37,US-California-San Francisco County,-75.0,-37.0,-55.0,-66.0,-53.0,21.0,0
38,US-California-San Joaquin County,-41.0,-16.0,-16.0,-31.0,-30.0,12.0,2
39,US-California-San Luis Obispo County,-56.0,-29.0,-27.0,-58.0,-45.0,13.0,4
40,US-California-San Mateo County,-60.0,-26.0,-35.0,-83.0,-46.0,19.0,4
41,US-California-Santa Barbara County,-47.0,-17.0,-30.0,-51.0,-40.0,13.0,4
42,US-California-Santa Clara County,-62.0,-33.0,-22.0,-71.0,-48.0,17.0,4
43,US-California-Santa Cruz County,-55.0,-27.0,-40.0,-57.0,-41.0,15.0,4
44,US-California-Shasta County,-39.0,-15.0,-21.0,-22.0,-31.0,9.0,2
45,US-California-Siskiyou County,-35.0,-20.0,-6.0,9.0,-25.0,13.0,2
46,US-California-Solano County,-45.0,-21.0,-18.0,-37.0,-34.0,13.0,2
47,US-California-Sonoma County,-53.0,-22.0,-58.0,-54.0,-41.0,15.0,4
48,US-California-Stanislaus County,-44.0,-19.0,-12.0,-28.0,-29.0,11.0,2
49,US-California-Sutter County,-41.0,-18.0,-28.0,-43.0,-34.0,13.0,2
50,US-California-Tehama County,-34.0,-9.0,-9.0,-22.0,-27.0,15.0,2
52,US-California-Tulare County,-39.0,-13.0,-27.0,-28.0,-25.0,11.0,2
54,US-California-Ventura County,-46.0,-24.0,-24.0,-40.0,-39.0,14.0,2
55,US-California-Yolo County,-43.0,-23.0,2.0,-34.0,-37.0,13.0,2
56,US-California-Yuba County,-34.0,-12.0,24.0,-34.0,-38.0,13.0,1
0,US-Colorado-None,-51.0,-27.0,-12.0,-60.0,-40.0,13.0,4
1,US-Colorado-Adams County,-49.0,-25.0,-12.0,-30.0,-36.0,13.0,2
3,US-Colorado-Arapahoe County,-52.0,-30.0,14.0,-36.0,-40.0,14.0,1
5,US-Colorado-Boulder County,-59.0,-32.0,-7.0,-44.0,-47.0,15.0,4
6,US-Colorado-Broomfield County,-57.0,-30.0,9.0,-46.0,-41.0,30.0,1
11,US-Colorado-Denver County,-63.0,-25.0,-17.0,-75.0,-43.0,16.0,4
12,US-Colorado-Douglas County,-56.0,-36.0,10.0,-50.0,-43.0,14.0,1
13,US-Colorado-Eagle County,-75.0,-47.0,-46.0,-67.0,-74.0,26.0,0
14,US-Colorado-El Paso County,-45.0,-22.0,-1.0,-55.0,-40.0,12.0,1
17,US-Colorado-Garfield County,-51.0,-35.0,4.0,-34.0,-45.0,22.0,1
22,US-Colorado-Jefferson County,-53.0,-41.0,-3.0,-39.0,-43.0,14.0,4
24,US-Colorado-La Plata County,-58.0,-28.0,4.0,-68.0,-43.0,25.0,4
26,US-Colorado-Larimer County,-53.0,-27.0,1.0,-38.0,-38.0,13.0,1
30,US-Colorado-Mesa County,-40.0,-21.0,11.0,-35.0,-35.0,9.0,1
34,US-Colorado-Morgan County,-40.0,-33.0,0.0,-23.0,-18.0,14.0,2
40,US-Colorado-Pueblo County,-42.0,-21.0,-45.0,-32.0,-29.0,9.0,2
43,US-Colorado-Routt County,-82.0,-49.0,-48.0,-65.0,-62.0,-2.0,0
46,US-Colorado-Summit County,-86.0,-73.0,-74.0,-67.0,-71.0,5.0,0
48,US-Colorado-Weld County,-42.0,-26.0,-4.0,-32.0,-33.0,12.0,2
0,US-Connecticut-None,-56.0,-32.0,-52.0,-64.0,-38.0,15.0,4
1,US-Connecticut-Fairfield County,-61.0,-35.0,-60.0,-72.0,-44.0,17.0,4
2,US-Connecticut-Hartford County,-56.0,-31.0,-48.0,-61.0,-35.0,13.0,4
4,US-Connecticut-Middlesex County,-58.0,-28.0,-49.0,-60.0,-38.0,15.0,4
5,US-Connecticut-New Haven County,-56.0,-31.0,-52.0,-62.0,-36.0,14.0,4
6,US-Connecticut-New London County,-56.0,-28.0,-45.0,-67.0,-41.0,15.0,4
7,US-Connecticut-Tolland County,-59.0,-33.0,-38.0,-38.0,-37.0,14.0,4
8,US-Connecticut-Windham County,-42.0,-27.0,-58.0,-69.0,-32.0,12.0,4
0,US-Delaware-None,-47.0,-28.0,-6.0,-57.0,-37.0,12.0,4
1,US-Delaware-Kent County,-45.0,-32.0,2.0,-50.0,-35.0,11.0,1
2,US-Delaware-New Castle County,-48.0,-31.0,5.0,-60.0,-37.0,13.0,1
3,US-Delaware-Sussex County,-46.0,-23.0,-5.0,-40.0,-36.0,11.0,2
0,US-District of Columbia-None,-64.0,-30.0,-41.0,-68.0,-47.0,14.0,4
0,US-Florida-None,-50.0,-26.0,-48.0,-63.0,-41.0,13.0,4
1,US-Florida-Alachua County,-54.0,-26.0,-32.0,-48.0,-37.0,12.0,4
3,US-Florida-Bay County,-38.0,-16.0,-2.0,-50.0,-27.0,8.0,2
5,US-Florida-Brevard County,-44.0,-22.0,-26.0,-37.0,-38.0,11.0,2
6,US-Florida-Broward County,-52.0,-28.0,-62.0,-72.0,-42.0,16.0,4
8,US-Florida-Charlotte County,-49.0,-25.0,-35.0,-33.0,-40.0,10.0,4
11,US-Florida-Collier County,-56.0,-29.0,-62.0,-56.0,-44.0,14.0,4
12,US-Florida-Columbia County,-36.0,-8.0,-41.0,-25.0,-25.0,8.0,2
15,US-Florida-Duval County,-36.0,-13.0,-26.0,-40.0,-33.0,10.0,2
16,US-Florida-Escambia County,-38.0,-10.0,-11.0,-47.0,-32.0,9.0,2
26,US-Florida-Hernando County,-36.0,-16.0,-10.0,-37.0,-36.0,10.0,2
28,US-Florida-Hillsborough County,-52.0,-30.0,-53.0,-67.0,-42.0,14.0,4
30,US-Florida-Indian River County,-46.0,-29.0,-30.0,-47.0,-38.0,11.0,4
34,US-Florida-Lake County,-42.0,-24.0,-24.0,-57.0,-41.0,12.0,4
35,US-Florida-Lee County,-55.0,-28.0,-60.0,-69.0,-41.0,12.0,4
36,US-Florida-Leon County,-45.0,-22.0,0.0,-50.0,-36.0,11.0,1
40,US-Florida-Manatee County,-48.0,-22.0,-28.0,-63.0,-36.0,11.0,4
41,US-Florida-Marion County,-41.0,-21.0,-40.0,-31.0,-34.0,9.0,2
42,US-Florida-Martin County,-50.0,-28.0,-28.0,-59.0,-37.0,12.0,4
43,US-Florida-Miami-Dade County,-57.0,-35.0,-77.0,-71.0,-46.0,18.0,0
44,US-Florida-Monroe County,-74.0,-47.0,-76.0,-76.0,-55.0,15.0,0
45,US-Florida-Nassau County,-40.0,-18.0,-24.0,-68.0,-34.0,10.0,4
46,US-Florida-Okaloosa County,-39.0,-14.0,-7.0,-62.0,-32.0,9.0,2
47,US-Florida-Okeechobee County,-37.0,-10.0,-23.0,-84.0,-33.0,11.0,4
48,US-Florida-Orange County,-70.0,-42.0,-59.0,-80.0,-53.0,17.0,0
49,US-Florida-Osceola County,-64.0,-40.0,-49.0,-65.0,-54.0,18.0,4
50,US-Florida-Palm Beach County,-49.0,-23.0,-65.0,-61.0,-40.0,15.0,4
51,US-Florida-Pasco County,-40.0,-24.0,-10.0,-25.0,-35.0,11.0,2
52,US-Florida-Pinellas County,-51.0,-25.0,-16.0,-44.0,-39.0,12.0,4
53,US-Florida-Polk County,-40.0,-22.0,-28.0,-29.0,-38.0,11.0,2
56,US-Florida-Sarasota County,-52.0,-28.0,-59.0,-28.0,-41.0,11.0,4
57,US-Florida-Seminole County,-48.0,-21.0,-19.0,-74.0,-42.0,13.0,4
58,US-Florida-St. Johns County,-48.0,-13.0,-53.0,-34.0,-41.0,11.0,4
59,US-Florida-St. Lucie County,-40.0,-14.0,-22.0,-52.0,-34.0,11.0,2
60,US-Florida-Sumter County,-50.0,-21.0,-31.0,-36.0,-45.0,10.0,4
61,US-Florida-Suwannee County,-28.0,-14.0,0.0,-42.0,-27.0,11.0,2
64,US-Florida-Volusia County,-42.0,-19.0,-10.0,-39.0,-38.0,10.0,2
66,US-Florida-Walton County,-46.0,-23.0,-29.0,-21.0,-31.0,9.0,2
0,US-Georgia-None,-42.0,-17.0,-2.0,-52.0,-37.0,11.0,2
7,US-Georgia-Bartow County,-42.0,-5.0,40.0,-25.0,-33.0,9.0,1
10,US-Georgia-Bibb County,-43.0,-16.0,36.0,-27.0,-32.0,10.0,1
14,US-Georgia-Bryan County,-45.0,-19.0,-9.0,-29.0,-36.0,18.0,2
18,US-Georgia-Camden County,-35.0,3.0,7.0,-29.0,-30.0,16.0,2
20,US-Georgia-Carroll County,-38.0,-18.0,12.0,-25.0,-36.0,10.0,1
23,US-Georgia-Chatham County,-50.0,-24.0,-32.0,-48.0,-41.0,11.0,4
27,US-Georgia-Clarke County,-51.0,-24.0,-21.0,-30.0,-41.0,12.0,2
28,US-Georgia-Clayton County,-30.0,-18.0,15.0,-80.0,-33.0,11.0,1
30,US-Georgia-Cobb County,-49.0,-22.0,-47.0,-38.0,-41.0,13.0,4
33,US-Georgia-Columbia County,-35.0,-7.0,-20.0,-44.0,-37.0,11.0,2
35,US-Georgia-Coweta County,-46.0,-16.0,-56.0,-15.0,-35.0,11.0,2
40,US-Georgia-DeKalb County,-47.0,-26.0,-15.0,-27.0,-42.0,13.0,2
44,US-Georgia-Dougherty County,-51.0,-24.0,-37.0,-30.0,-34.0,11.0,2
45,US-Georgia-Douglas County,-40.0,-26.0,-2.0,-28.0,-37.0,11.0,2
56,US-Georgia-Fulton County,-54.0,-26.0,-44.0,-47.0,-43.0,13.0,4
58,US-Georgia-Glynn County,-45.0,-22.0,-32.0,-39.0,-40.0,10.0,4
62,US-Georgia-Gwinnett County,-50.0,-24.0,-9.0,-42.0,-46.0,15.0,2
64,US-Georgia-Hall County,-39.0,-19.0,51.0,-20.0,-34.0,10.0,1
66,US-Georgia-Haralson County,-27.0,-6.0,-29.0,-22.0,-33.0,8.0,2
84,US-Georgia-Liberty County,-32.0,-17.0,-17.0,-22.0,-27.0,10.0,2
87,US-Georgia-Lowndes County,-45.0,-17.0,-13.0,-21.0,-29.0,8.0,2
97,US-Georgia-Monroe County,-39.0,3.0,11.0,-35.0,-32.0,-2.0,1
101,US-Georgia-Muscogee County,-44.0,-8.0,19.0,-56.0,-29.0,9.0,1
115,US-Georgia-Richmond County,-40.0,-5.0,26.0,-51.0,-31.0,8.0,1
145,US-Georgia-Whitfield County,-34.0,-7.0,-45.0,-23.0,-25.0,9.0,2
0,US-Hawaii-None,-56.0,-36.0,-65.0,-72.0,-45.0,16.0,0
1,US-Hawaii-Hawaii County,-61.0,-47.0,-77.0,-84.0,-41.0,15.0,0
2,US-Hawaii-Honolulu County,-53.0,-32.0,-58.0,-69.0,-44.0,16.0,4
3,US-Hawaii-Kauai County,-69.0,-53.0,-74.0,-83.0,-48.0,26.0,0
4,US-Hawaii-Maui County,-64.0,-40.0,-73.0,-85.0,-54.0,17.0,0
0,US-Idaho-None,-42.0,-18.0,25.0,-34.0,-38.0,10.0,1
1,US-Idaho-Ada County,-49.0,-23.0,33.0,-54.0,-43.0,11.0,1
2,US-Idaho-Bannock County,-39.0,-24.0,-6.0,-28.0,-37.0,9.0,2
9,US-Idaho-Bonneville County,-38.0,-11.0,59.0,-21.0,-34.0,9.0,3
11,US-Idaho-Canyon County,-41.0,-15.0,35.0,-15.0,-37.0,9.0,1
23,US-Idaho-Kootenai County,-42.0,-20.0,26.0,-18.0,-40.0,10.0,1
29,US-Idaho-Nez Perce County,-46.0,-14.0,-24.0,-55.0,-31.0,18.0,4
0,US-Illinois-None,-53.0,-24.0,-29.0,-55.0,-39.0,13.0,4
8,US-Illinois-Champaign County,-54.0,-29.0,44.0,-48.0,-40.0,13.0,1
14,US-Illinois-Cook County,-58.0,-26.0,-45.0,-63.0,-45.0,15.0,4
20,US-Illinois-DuPage County,-60.0,-29.0,-42.0,-51.0,-45.0,15.0,4
41,US-Illinois-Kane County,-57.0,-27.0,-20.0,-46.0,-39.0,14.0,4
45,US-Illinois-LaSalle County,-53.0,0.0,-62.0,-18.0,-32.0,11.0,2
46,US-Illinois-Lake County,-57.0,-25.0,-36.0,-58.0,-41.0,14.0,4
53,US-Illinois-Madison County,-39.0,-17.0,58.0,-24.0,-34.0,10.0,3
59,US-Illinois-McHenry County,-54.0,-23.0,-26.0,-61.0,-38.0,13.0,4
60,US-Illinois-McLean County,-53.0,-28.0,1.0,-37.0,-41.0,12.0,1
68,US-Illinois-Peoria County,-50.0,-19.0,-16.0,-45.0,-35.0,11.0,2
76,US-Illinois-Rock Island County,-50.0,0.0,-55.0,-57.0,-36.0,10.0,4
78,US-Illinois-Sangamon County,-47.0,-18.0,31.0,-38.0,-36.0,10.0,1
81,US-Illinois-St. Clair County,-45.0,-13.0,52.0,-26.0,-34.0,10.0,1
93,US-Illinois-Will County,-54.0,-27.0,-36.0,-28.0,-36.0,14.0,4
94,US-Illinois-Williamson County,-33.0,-15.0,-45.0,-16.0,-32.0,17.0,2
95,US-Illinois-Winnebago County,-47.0,-30.0,-40.0,-40.0,-36.0,11.0,4
0,US-Indiana-None,-48.0,-25.0,24.0,-34.0,-36.0,11.0,1
2,US-Indiana-Allen County,-54.0,-36.0,13.0,-44.0,-39.0,12.0,1
3,US-Indiana-Bartholomew County,-49.0,-30.0,10.0,-28.0,-45.0,26.0,1
10,US-Indiana-Clark County,-48.0,-10.0,64.0,-14.0,-36.0,10.0,3
20,US-Indiana-Elkhart County,-43.0,-35.0,18.0,-19.0,-35.0,10.0,1
32,US-Indiana-Hendricks County,-47.0,-26.0,-13.0,-19.0,-39.0,12.0,2
41,US-Indiana-Johnson County,-51.0,-22.0,-5.0,-24.0,-37.0,11.0,2
44,US-Indiana-LaGrange County,-70.0,-25.0,-46.0,-32.0,-36.0,9.0,4
45,US-Indiana-LaPorte County,-49.0,-24.0,-23.0,-43.0,-32.0,10.0,4
46,US-Indiana-Lake County,-52.0,-27.0,-18.0,-25.0,-38.0,13.0,2
49,US-Indiana-Marion County,-52.0,-27.0,17.0,-49.0,-38.0,11.0,1
53,US-Indiana-Monroe County,-53.0,-33.0,39.0,-40.0,-42.0,12.0,1
64,US-Indiana-Porter County,-54.0,-28.0,20.0,-39.0,-34.0,13.0,1
74,US-Indiana-St. Joseph County,-53.0,-26.0,-17.0,-37.0,-35.0,11.0,2
79,US-Indiana-Tippecanoe County,-57.0,-37.0,5.0,-27.0,-41.0,12.0,1
82,US-Indiana-Vanderburgh County,-41.0,-16.0,-16.0,-53.0,-29.0,10.0,2
84,US-Indiana-Vigo County,-47.0,-24.0,-12.0,-9.0,-36.0,9.0,2
0,US-Iowa-None,-43.0,-10.0,41.0,-28.0,-29.0,10.0,1
6,US-Iowa-Black Hawk County,-46.0,-23.0,11.0,-14.0,-30.0,10.0,2
30,US-Iowa-Dubuque County,-53.0,-9.0,-25.0,-63.0,-34.0,15.0,4
51,US-Iowa-Johnson County,-58.0,-36.0,-6.0,-24.0,-36.0,13.0,2
56,US-Iowa-Linn County,-52.0,-7.0,2.0,-55.0,-36.0,11.0,1
76,US-Iowa-Polk County,-44.0,-9.0,66.0,-45.0,-34.0,10.0,3
77,US-Iowa-Pottawattamie County,-33.0,2.0,14.0,-4.0,-30.0,7.0,2
80,US-Iowa-Scott County,-50.0,-22.0,-1.0,-24.0,-31.0,11.0,2
0,US-Kansas-None,-36.0,-14.0,72.0,-20.0,-30.0,9.0,3
16,US-Kansas-Douglas County,-50.0,-20.0,88.0,-26.0,-38.0,11.0,3
29,US-Kansas-Johnson County,-42.0,-24.0,192.0,-20.0,-40.0,12.0,3
53,US-Kansas-Saline County,-27.0,-16.0,-7.0,-11.0,-21.0,11.0,2
55,US-Kansas-Sedgwick County,-38.0,-16.0,76.0,-37.0,-34.0,9.0,3
57,US-Kansas-Shawnee County,-37.0,-16.0,55.0,13.0,-30.0,10.0,3
66,US-Kansas-Wyandotte County,-43.0,-10.0,53.0,-5.0,-33.0,9.0,3
0,US-Kentucky-None,-37.0,-11.0,68.0,-34.0,-34.0,9.0,3
8,US-Kentucky-Boone County,-44.0,-16.0,53.0,-54.0,-37.0,9.0,1
31,US-Kentucky-Fayette County,-45.0,-12.0,57.0,-46.0,-39.0,10.0,1
52,US-Kentucky-Jefferson County,-44.0,-10.0,83.0,-37.0,-38.0,10.0,3
55,US-Kentucky-Kenton County,-35.0,-8.0,108.0,-2.0,-35.0,10.0,3
59,US-Kentucky-Laurel County,-36.0,-14.0,61.0,-22.0,-30.0,14.0,3
71,US-Kentucky-McCracken County,-40.0,-13.0,-24.0,-15.0,-34.0,16.0,2
104,US-Kentucky-Warren County,-42.0,-23.0,-26.0,-22.0,-37.0,10.0,2
0,US-Louisiana-None,-45.0,-16.0,-18.0,-49.0,-35.0,11.0,2
8,US-Louisiana-Bossier Parish,-49.0,-19.0,4.0,-30.0,-37.0,12.0,2
9,US-Louisiana-Caddo Parish,-36.0,-9.0,-14.0,-31.0,-32.0,10.0,2
10,US-Louisiana-Calcasieu Parish,-40.0,-19.0,-6.0,-38.0,-34.0,11.0,2
17,US-Louisiana-East Baton Rouge Parish,-48.0,-16.0,-26.0,-44.0,-34.0,12.0,2
26,US-Louisiana-Jefferson Parish,-49.0,-20.0,-1.0,-84.0,-44.0,14.0,4
28,US-Louisiana-Lafayette Parish,-44.0,-22.0,15.0,-42.0,-31.0,11.0,1
31,US-Louisiana-Livingston Parish,-40.0,-12.0,-13.0,-16.0,-32.0,10.0,2
35,US-Louisiana-Orleans Parish,-71.0,-35.0,-55.0,-59.0,-54.0,16.0,4
36,US-Louisiana-Ouachita Parish,-41.0,-15.0,-24.0,-27.0,-29.0,9.0,2
39,US-Louisiana-Rapides Parish,-40.0,-15.0,-2.0,-55.0,-30.0,10.0,2
47,US-Louisiana-St. John the Baptist Parish,-34.0,-3.0,-67.0,-51.0,-37.0,22.0,4
49,US-Louisiana-St. Martin Parish,-34.0,-14.0,-10.0,-45.0,-29.0,19.0,2
51,US-Louisiana-St. Tammany Parish,-45.0,-19.0,3.0,-21.0,-35.0,11.0,2
52,US-Louisiana-Tangipahoa Parish,-35.0,-6.0,-20.0,-17.0,-32.0,10.0,2
53,US-Louisiana-Terrebonne Parish,-43.0,-12.0,25.0,-42.0,-32.0,9.0,1
0,US-Maine-None,-50.0,-22.0,-24.0,-56.0,-31.0,10.0,4
3,US-Maine-Cumberland County,-60.0,-36.0,-38.0,-67.0,-37.0,13.0,4
6,US-Maine-Kennebec County,-42.0,-19.0,-37.0,-53.0,-28.0,10.0,4
10,US-Maine-Penobscot County,-45.0,-14.0,4.0,-29.0,-31.0,9.0,2
16,US-Maine-York County,-55.0,-23.0,-48.0,-64.0,-36.0,12.0,4
0,US-Maryland-None,-45.0,-25.0,29.0,-51.0,-39.0,13.0,1
1,US-Maryland-Allegany County,-39.0,-17.0,-8.0,-32.0,-31.0,16.0,2
2,US-Maryland-Anne Arundel County,-49.0,-31.0,33.0,-76.0,-42.0,13.0,1
3,US-Maryland-Baltimore,-44.0,-18.0,12.0,-34.0,-37.0,12.0,1
4,US-Maryland-Baltimore County,-46.0,-21.0,10.0,-39.0,-36.0,13.0,1
7,US-Maryland-Carroll County,-43.0,-35.0,10.0,-50.0,-34.0,12.0,1
8,US-Maryland-Cecil County,-34.0,-32.0,-34.0,-57.0,-30.0,10.0,4
9,US-Maryland-Charles County,-41.0,-18.0,-42.0,-28.0,-39.0,13.0,2
11,US-Maryland-Frederick County,-49.0,-30.0,19.0,-35.0,-38.0,13.0,1
13,US-Maryland-Harford County,-43.0,-30.0,50.0,-62.0,-32.0,12.0,1
14,US-Maryland-Howard County,-57.0,-45.0,7.0,-30.0,-47.0,16.0,1
16,US-Maryland-Montgomery County,-51.0,-30.0,44.0,-50.0,-45.0,16.0,1
17,US-Maryland-Prince George's County,-40.0,-26.0,37.0,-50.0,-40.0,14.0,1
22,US-Maryland-Washington County,-42.0,-20.0,28.0,-22.0,-32.0,10.0,1
0,US-Massachusetts-None,-59.0,-36.0,-56.0,-73.0,-42.0,16.0,4
1,US-Massachusetts-Barnstable County,-57.0,-28.0,-38.0,-67.0,-41.0,13.0,4
2,US-Massachusetts-Berkshire County,-49.0,-31.0,-36.0,-68.0,-35.0,12.0,4
3,US-Massachusetts-Bristol County,-54.0,-32.0,-44.0,-54.0,-35.0,13.0,4
5,US-Massachusetts-Essex County,-58.0,-39.0,-53.0,-60.0,-44.0,16.0,4
6,US-Massachusetts-Franklin County,-58.0,-40.0,-37.0,-39.0,-37.0,22.0,4
7,US-Massachusetts-Hampden County,-54.0,-28.0,-46.0,-56.0,-37.0,12.0,4
8,US-Massachusetts-Hampshire County,-60.0,-39.0,-45.0,-65.0,-43.0,15.0,4
9,US-Massachusetts-Middlesex County,-64.0,-41.0,-62.0,-73.0,-46.0,18.0,0
11,US-Massachusetts-Norfolk County,-63.0,-37.0,-57.0,-61.0,-44.0,17.0,4
12,US-Massachusetts-Plymouth County,-57.0,-32.0,-34.0,-54.0,-37.0,14.0,4
13,US-Massachusetts-Suffolk County,-71.0,-41.0,-68.0,-79.0,-51.0,18.0,0
14,US-Massachusetts-Worcester County,-55.0,-36.0,-60.0,-66.0,-38.0,14.0,4
0,US-Michigan-None,-58.0,-28.0,15.0,-55.0,-43.0,12.0,1
3,US-Michigan-Allegan County,-49.0,-17.0,-21.0,-36.0,-39.0,12.0,2
11,US-Michigan-Berrien County,-50.0,-22.0,31.0,-37.0,-38.0,11.0,1
13,US-Michigan-Calhoun County,-53.0,-24.0,-13.0,-30.0,-42.0,11.0,2
25,US-Michigan-Genesee County,-55.0,-25.0,6.0,-48.0,-45.0,12.0,1
28,US-Michigan-Grand Traverse County,-60.0,-30.0,-8.0,-69.0,-43.0,15.0,4
33,US-Michigan-Ingham County,-64.0,-31.0,13.0,-63.0,-41.0,14.0,1
38,US-Michigan-Jackson County,-54.0,-23.0,-7.0,-41.0,-42.0,11.0,2
39,US-Michigan-Kalamazoo County,-61.0,-34.0,15.0,-56.0,-40.0,12.0,1
41,US-Michigan-Kent County,-65.0,-31.0,-26.0,-68.0,-44.0,13.0,4
49,US-Michigan-Macomb County,-59.0,-30.0,106.0,-33.0,-48.0,13.0,3
57,US-Michigan-Monroe County,-54.0,-30.0,52.0,-21.0,-34.0,11.0,1
62,US-Michigan-Oakland County,-65.0,-35.0,31.0,-50.0,-50.0,14.0,1
69,US-Michigan-Ottawa County,-57.0,-32.0,33.0,-20.0,-48.0,13.0,1
72,US-Michigan-Saginaw County,-60.0,-24.0,-10.0,-61.0,-43.0,12.0,4
76,US-Michigan-St. Clair County,-50.0,-30.0,38.0,-32.0,-37.0,11.0,1
80,US-Michigan-Washtenaw County,-65.0,-48.0,53.0,-49.0,-53.0,15.0,1
81,US-Michigan-Wayne County,-57.0,-25.0,24.0,-61.0,-45.0,13.0,1
0,US-Minnesota-None,-58.0,-35.0,-16.0,-64.0,-38.0,14.0,4
2,US-Minnesota-Anoka County,-55.0,-34.0,12.0,-45.0,-39.0,15.0,1
19,US-Minnesota-Dakota County,-57.0,-37.0,-16.0,-43.0,-41.0,15.0,4
21,US-Minnesota-Douglas County,-56.0,-38.0,-47.0,-20.0,-35.0,17.0,4
27,US-Minnesota-Hennepin County,-64.0,-37.0,-17.0,-74.0,-44.0,16.0,4
54,US-Minnesota-Olmsted County,-62.0,-35.0,-13.0,-57.0,-40.0,15.0,4
61,US-Minnesota-Ramsey County,-64.0,-34.0,-29.0,-43.0,-42.0,15.0,4
64,US-Minnesota-Rice County,-51.0,-28.0,-48.0,-43.0,-39.0,18.0,4
70,US-Minnesota-St. Louis County,-64.0,-41.0,-35.0,-56.0,-37.0,14.0,4
71,US-Minnesota-Stearns County,-61.0,-37.0,-53.0,-62.0,-36.0,14.0,4
72,US-Minnesota-Steele County,-53.0,-27.0,-60.0,-44.0,-33.0,19.0,4
79,US-Minnesota-Washington County,-55.0,-39.0,-8.0,-38.0,-40.0,16.0,4
0,US-Mississippi-None,-32.0,-7.0,27.0,-29.0,-30.0,9.0,1
16,US-Mississippi-DeSoto County,-37.0,-7.0,50.0,-25.0,-34.0,10.0,1
22,US-Mississippi-Harrison County,-39.0,-13.0,51.0,-41.0,-44.0,10.0,1
23,US-Mississippi-Hinds County,-28.0,0.0,10.0,-9.0,-29.0,9.0,2
27,US-Mississippi-Jackson County,-28.0,-9.0,19.0,-38.0,-38.0,10.0,1
34,US-Mississippi-Lauderdale County,-38.0,-14.0,8.0,-29.0,-35.0,14.0,2
41,US-Mississippi-Madison County,-33.0,-11.0,45.0,-45.0,-37.0,21.0,1
57,US-Mississippi-Rankin County,-42.0,-12.0,-9.0,-42.0,-27.0,10.0,2
0,US-Missouri-None,-38.0,-12.0,73.0,-34.0,-32.0,9.0,3
9,US-Missouri-Boone County,-55.0,-18.0,65.0,-58.0,-36.0,10.0,1
17,US-Missouri-Cass County,-26.0,-17.0,29.0,-14.0,-33.0,9.0,1
22,US-Missouri-Clay County,-32.0,-17.0,214.0,-30.0,-38.0,10.0,3
34,US-Missouri-Franklin County,-33.0,2.0,61.0,-12.0,-25.0,8.0,3
37,US-Missouri-Greene County,-45.0,-30.0,43.0,-34.0,-36.0,10.0,1
45,US-Missouri-Jackson County,-43.0,-14.0,28.0,-13.0,-36.0,10.0,1
46,US-Missouri-Jasper County,-26.0,-10.0,42.0,-11.0,-22.0,7.0,1
47,US-Missouri-Jefferson County,-36.0,-16.0,94.0,6.0,-33.0,9.0,3
68,US-Missouri-Newton County,-27.0,-7.0,7.0,-19.0,-26.0,13.0,2
78,US-Missouri-Platte County,-46.0,15.0,-19.0,-80.0,-40.0,15.0,4
90,US-Missouri-St. Charles County,-45.0,-13.0,63.0,-16.0,-37.0,11.0,3
93,US-Missouri-St. Louis,-52.0,-7.0,34.0,-35.0,-36.0,11.0,1
94,US-Missouri-St. Louis County,-45.0,-21.0,87.0,-59.0,-38.0,11.0,3
0,US-Montana-None,-51.0,-25.0,28.0,-37.0,-37.0,10.0,1
6,US-Montana-Cascade County,-48.0,-26.0,-22.0,-70.0,-32.0,12.0,4
11,US-Montana-Flathead County,-53.0,-29.0,-35.0,-50.0,-42.0,10.0,4
12,US-Montana-Gallatin County,-63.0,-39.0,61.0,-66.0,-51.0,12.0,1
21,US-Montana-Missoula County,-55.0,-30.0,31.0,-28.0,-36.0,11.0,1
34,US-Montana-Yellowstone County,-49.0,-21.0,114.0,-45.0,-32.0,8.0,3
0,US-Nebraska-None,-34.0,-9.0,109.0,-18.0,-24.0,8.0,3
20,US-Nebraska-Douglas County,-41.0,-7.0,55.0,-38.0,-30.0,9.0,1
32,US-Nebraska-Lancaster County,-39.0,-19.0,156.0,-18.0,-26.0,8.0,3
46,US-Nebraska-Sarpy County,-36.0,-15.0,191.0,23.0,-30.0,9.0,3
0,US-Nevada-None,-47.0,-23.0,-38.0,-62.0,-52.0,14.0,4
3,US-Nevada-Clark County,-48.0,-26.0,-47.0,-66.0,-56.0,15.0,4
5,US-Nevada-Elko County,-40.0,10.0,7.0,-11.0,-35.0,17.0,2
10,US-Nevada-Nye County,-26.0,-15.0,-52.0,-20.0,-40.0,13.0,2
13,US-Nevada-Washoe County,-44.0,-21.0,6.0,-64.0,-42.0,12.0,1
0,US-New Hampshire-None,-58.0,-35.0,-63.0,-63.0,-38.0,13.0,4
5,US-New Hampshire-Grafton County,-62.0,-37.0,-71.0,-45.0,-44.0,20.0,4
6,US-New Hampshire-Hillsborough County,-62.0,-37.0,-55.0,-57.0,-38.0,14.0,4
7,US-New Hampshire-Merrimack County,-58.0,-31.0,-59.0,-76.0,-37.0,13.0,4
8,US-New Hampshire-Rockingham County,-59.0,-36.0,-63.0,-60.0,-39.0,14.0,4
9,US-New Hampshire-Strafford County,-51.0,-38.0,-53.0,-39.0,-38.0,13.0,4
0,US-New Jersey-None,-59.0,-33.0,-36.0,-70.0,-44.0,16.0,4
1,US-New Jersey-Atlantic County,-56.0,-30.0,11.0,-72.0,-55.0,16.0,1
2,US-New Jersey-Bergen County,-66.0,-37.0,-64.0,-64.0,-50.0,19.0,0
3,US-New Jersey-Burlington County,-53.0,-39.0,7.0,-53.0,-38.0,14.0,1
4,US-New Jersey-Camden County,-50.0,-30.0,-29.0,-59.0,-37.0,13.0,4
5,US-New Jersey-Cape May County,-49.0,-27.0,-14.0,-59.0,-41.0,19.0,4
6,US-New Jersey-Cumberland County,-36.0,-19.0,-35.0,-28.0,-25.0,10.0,2
7,US-New Jersey-Essex County,-60.0,-27.0,-50.0,-78.0,-43.0,17.0,4
8,US-New Jersey-Gloucester County,-54.0,-30.0,-3.0,-15.0,-36.0,13.0,2
9,US-New Jersey-Hudson County,-62.0,-38.0,-69.0,-72.0,-51.0,18.0,0
10,US-New Jersey-Hunterdon County,-64.0,-35.0,21.0,-31.0,-42.0,28.0,1
11,US-New Jersey-Mercer County,-55.0,-25.0,-27.0,-74.0,-43.0,15.0,4
12,US-New Jersey-Middlesex County,-64.0,-41.0,-31.0,-77.0,-44.0,17.0,4
13,US-New Jersey-Monmouth County,-62.0,-34.0,-32.0,-67.0,-44.0,17.0,4
14,US-New Jersey-Morris County,-63.0,-39.0,-43.0,-64.0,-47.0,18.0,4
15,US-New Jersey-Ocean County,-55.0,-31.0,-25.0,-58.0,-42.0,15.0,4
16,US-New Jersey-Passaic County,-66.0,-34.0,-53.0,-55.0,-46.0,16.0,4
17,US-New Jersey-Salem County,-39.0,-21.0,-22.0,-61.0,-28.0,18.0,4
18,US-New Jersey-Somerset County,-61.0,-36.0,-31.0,-60.0,-47.0,17.0,4
19,US-New Jersey-Sussex County,-57.0,-27.0,-39.0,-53.0,-39.0,15.0,4
20,US-New Jersey-Union County,-62.0,-32.0,-40.0,-61.0,-44.0,17.0,4
21,US-New Jersey-Warren County,-47.0,-37.0,-35.0,-40.0,-35.0,14.0,4
0,US-New Mexico-None,-44.0,-18.0,-12.0,-31.0,-34.0,11.0,2
1,US-New Mexico-Bernalillo County,-46.0,-22.0,8.0,-43.0,-37.0,11.0,1
2,US-New Mexico-Chaves County,-46.0,-26.0,-41.0,-49.0,-26.0,12.0,4
5,US-New Mexico-Curry County,-38.0,-17.0,-32.0,-38.0,-25.0,16.0,2
6,US-New Mexico-Doña Ana County,-41.0,-19.0,-15.0,-34.0,-33.0,12.0,2
7,US-New Mexico-Eddy County,-38.0,-20.0,-39.0,-35.0,-20.0,12.0,2
11,US-New Mexico-Lea County,-44.0,-9.0,-24.0,-34.0,-26.0,13.0,2
20,US-New Mexico-San Juan County,-42.0,-15.0,2.0,-38.0,-26.0,10.0,2
22,US-New Mexico-Sandoval County,-34.0,-13.0,3.0,-28.0,-42.0,11.0,2
23,US-New Mexico-Santa Fe County,-52.0,-23.0,-23.0,-51.0,-44.0,12.0,4
29,US-New Mexico-Valencia County,-38.0,-8.0,-10.0,-21.0,-33.0,13.0,2
0,US-New York-None,-62.0,-32.0,-47.0,-68.0,-46.0,16.0,4
1,US-New York-Albany County,-59.0,-30.0,-15.0,-64.0,-36.0,13.0,4
3,US-New York-Bronx County,-64.0,-30.0,-51.0,-55.0,-50.0,16.0,4
4,US-New York-Broome County,-51.0,-27.0,5.0,-43.0,-34.0,11.0,1
14,US-New York-Dutchess County,-54.0,-28.0,-34.0,-72.0,-38.0,14.0,4
15,US-New York-Erie County,-52.0,-23.0,64.0,-49.0,-37.0,10.0,1
23,US-New York-Kings County,-68.0,-33.0,-55.0,-63.0,-51.0,18.0,4
27,US-New York-Monroe County,-48.0,-27.0,115.0,-41.0,-36.0,11.0,3
29,US-New York-Nassau County,-66.0,-34.0,-60.0,-69.0,-47.0,19.0,0
30,US-New York-New York County,-86.0,-51.0,-79.0,-78.0,-57.0,19.0,0
31,US-New York-Niagara County,-40.0,-15.0,14.0,-59.0,-33.0,10.0,1
32,US-New York-Oneida County,-45.0,-25.0,-6.0,-50.0,-33.0,10.0,2
33,US-New York-Onondaga County,-53.0,-29.0,38.0,-55.0,-36.0,11.0,1
34,US-New York-Ontario County,-55.0,-21.0,-26.0,-62.0,-35.0,9.0,4
35,US-New York-Orange County,-58.0,-38.0,-24.0,-61.0,-40.0,15.0,4
39,US-New York-Putnam County,-54.0,-31.0,-36.0,-69.0,-40.0,28.0,4
40,US-New York-Queens County,-69.0,-37.0,-52.0,-75.0,-58.0,20.0,0
41,US-New York-Rensselaer County,-50.0,-23.0,-25.0,-54.0,-36.0,12.0,4
42,US-New York-Richmond County,-59.0,-31.0,-48.0,-60.0,-42.0,17.0,4
43,US-New York-Rockland County,-67.0,-35.0,-49.0,-68.0,-47.0,20.0,4
44,US-New York-Saratoga County,-60.0,-29.0,-48.0,-52.0,-35.0,13.0,4
45,US-New York-Schenectady County,-46.0,-24.0,-20.0,-48.0,-31.0,12.0,4
50,US-New York-Steuben County,-39.0,-23.0,-12.0,-22.0,-29.0,10.0,2
51,US-New York-Suffolk County,-58.0,-31.0,-42.0,-70.0,-41.0,16.0,4
54,US-New York-Tompkins County,-59.0,-34.0,28.0,-50.0,-48.0,28.0,1
55,US-New York-Ulster County,-53.0,-30.0,-41.0,-69.0,-35.0,14.0,4
56,US-New York-Warren County,-56.0,-21.0,-46.0,-43.0,-36.0,18.0,4
59,US-New York-Westchester County,-64.0,-37.0,-47.0,-66.0,-47.0,18.0,4
0,US-North Carolina-None,-40.0,-15.0,13.0,-51.0,-35.0,10.0,1
1,US-North Carolina-Alamance County,-39.0,-7.0,34.0,-18.0,-33.0,9.0,1
10,US-North Carolina-Brunswick County,-27.0,-11.0,26.0,-33.0,-33.0,8.0,1
11,US-North Carolina-Buncombe County,-60.0,-30.0,-9.0,-70.0,-45.0,13.0,4
13,US-North Carolina-Cabarrus County,-50.0,-26.0,6.0,-33.0,-41.0,12.0,1
18,US-North Carolina-Catawba County,-41.0,-8.0,49.0,-11.0,-29.0,8.0,1
25,US-North Carolina-Craven County,-30.0,-2.0,35.0,-25.0,-32.0,7.0,1
26,US-North Carolina-Cumberland County,-31.0,-11.0,18.0,-32.0,-34.0,8.0,1
29,US-North Carolina-Davidson County,-32.0,-12.0,60.0,-18.0,-31.0,9.0,3
32,US-North Carolina-Durham County,-50.0,-28.0,-7.0,-36.0,-43.0,13.0,2
34,US-North Carolina-Forsyth County,-45.0,-28.0,57.0,-17.0,-39.0,11.0,3
41,US-North Carolina-Guilford County,-47.0,-29.0,20.0,-42.0,-39.0,12.0,1
43,US-North Carolina-Harnett County,-23.0,-3.0,0.0,-9.0,-32.0,8.0,2
44,US-North Carolina-Haywood County,-40.0,-21.0,24.0,-19.0,-35.0,9.0,1
45,US-North Carolina-Henderson County,-49.0,-26.0,25.0,-46.0,-38.0,11.0,1
48,US-North Carolina-Iredell County,-35.0,-7.0,38.0,-15.0,-31.0,8.0,1
50,US-North Carolina-Johnston County,-36.0,-14.0,21.0,-14.0,-33.0,9.0,1
58,US-North Carolina-McDowell County,-20.0,-2.0,35.0,-23.0,-18.0,12.0,1
59,US-North Carolina-Mecklenburg County,-53.0,-23.0,1.0,-70.0,-43.0,13.0,4
61,US-North Carolina-Montgomery County,-21.0,24.0,9.0,-19.0,-24.0,-1.0,2
63,US-North Carolina-Nash County,-32.0,-1.0,-39.0,-16.0,-29.0,7.0,2
64,US-North Carolina-New Hanover County,-43.0,-17.0,12.0,-63.0,-34.0,9.0,1
66,US-North Carolina-Onslow County,-30.0,-5.0,25.0,-61.0,-29.0,7.0,1
67,US-North Carolina-Orange County,-56.0,-39.0,-20.0,-50.0,-44.0,14.0,4
73,US-North Carolina-Pitt County,-47.0,-20.0,6.0,-38.0,-32.0,9.0,1
78,US-North Carolina-Rockingham County,-20.0,-3.0,-12.0,-8.0,-30.0,8.0,2
79,US-North Carolina-Rowan County,-38.0,-6.0,66.0,-28.0,-30.0,8.0,3
85,US-North Carolina-Surry County,-24.0,-3.0,-20.0,-9.0,-29.0,12.0,2
88,US-North Carolina-Union County,-33.0,-18.0,4.0,-17.0,-38.0,11.0,2
90,US-North Carolina-Wake County,-51.0,-31.0,-1.0,-74.0,-43.0,13.0,4
94,US-North Carolina-Wayne County,-30.0,-5.0,22.0,-30.0,-24.0,7.0,1
0,US-North Dakota-None,-44.0,-13.0,73.0,-36.0,-24.0,9.0,3
3,US-North Dakota-Burleigh County,-44.0,-14.0,26.0,-56.0,-25.0,11.0,1
4,US-North Dakota-Cass County,-54.0,-26.0,69.0,-34.0,-30.0,12.0,3
6,US-North Dakota-Grand Forks County,-46.0,-20.0,-48.0,-38.0,-28.0,20.0,4
0,US-Ohio-None,-43.0,-19.0,117.0,-33.0,-35.0,10.0,3
2,US-Ohio-Allen County,-48.0,-25.0,13.0,-31.0,-29.0,10.0,1
4,US-Ohio-Ashtabula County,-28.0,-11.0,-1.0,-23.0,-22.0,8.0,2
9,US-Ohio-Butler County,-45.0,-20.0,136.0,-6.0,-35.0,10.0,3
18,US-Ohio-Cuyahoga County,-48.0,-20.0,137.0,-47.0,-36.0,10.0,3
21,US-Ohio-Delaware County,-59.0,-33.0,171.0,-32.0,-43.0,12.0,3
25,US-Ohio-Franklin County,-46.0,-22.0,106.0,-47.0,-40.0,11.0,3
31,US-Ohio-Hamilton County,-45.0,-18.0,139.0,-16.0,-37.0,10.0,3
43,US-Ohio-Lake County,-47.0,-22.0,146.0,-43.0,-32.0,10.0,3
45,US-Ohio-Licking County,-35.0,-18.0,39.0,-24.0,-32.0,9.0,1
47,US-Ohio-Lorain County,-42.0,-15.0,-8.0,-60.0,-35.0,10.0,2
48,US-Ohio-Lucas County,-52.0,-25.0,78.0,-21.0,-35.0,10.0,3
50,US-Ohio-Mahoning County,-42.0,-17.0,-25.0,-24.0,-36.0,9.0,2
57,US-Ohio-Montgomery County,-44.0,-16.0,104.0,-32.0,-36.0,10.0,3
67,US-Ohio-Portage County,-41.0,-14.0,26.0,-43.0,-35.0,10.0,1
71,US-Ohio-Ross County,-37.0,-10.0,-28.0,-7.0,-28.0,17.0,2
76,US-Ohio-Stark County,-40.0,-18.0,167.0,10.0,-32.0,9.0,3
77,US-Ohio-Summit County,-42.0,-17.0,139.0,-24.0,-36.0,10.0,3
78,US-Ohio-Trumbull County,-36.0,-9.0,80.0,-12.0,-30.0,8.0,3
83,US-Ohio-Warren County,-47.0,-17.0,23.0,-21.0,-40.0,11.0,1
87,US-Ohio-Wood County,-51.0,-37.0,-7.0,-23.0,-36.0,11.0,2
0,US-Oklahoma-None,-36.0,-12.0,29.0,-23.0,-32.0,9.0,1
7,US-Oklahoma-Canadian County,-33.0,-20.0,85.0,-9.0,-37.0,10.0,3
13,US-Oklahoma-Comanche County,-38.0,-9.0,66.0,5.0,-38.0,9.0,3
19,US-Oklahoma-Garfield County,-38.0,-19.0,-36.0,-20.0,-23.0,13.0,2
20,US-Oklahoma-Garvin County,-18.0,-3.0,-27.0,-16.0,-19.0,-4.0,2
40,US-Oklahoma-McCurtain County,-23.0,-2.0,-11.0,-18.0,-18.0,9.0,2
43,US-Oklahoma-Muskogee County,-30.0,-10.0,1.0,-8.0,-24.0,14.0,2
47,US-Oklahoma-Oklahoma County,-43.0,-16.0,24.0,-37.0,-35.0,10.0,1
63,US-Oklahoma-Tulsa County,-42.0,-18.0,-22.0,-22.0,-36.0,10.0,2
0,US-Oregon-None,-51.0,-25.0,-22.0,-47.0,-38.0,12.0,4
2,US-Oregon-Benton County,-60.0,-35.0,-5.0,-51.0,-46.0,25.0,4
3,US-Oregon-Clackamas County,-51.0,-23.0,-15.0,-44.0,-38.0,13.0,4
4,US-Oregon-Clatsop County,-60.0,-34.0,-58.0,-61.0,-44.0,17.0,4
9,US-Oregon-Deschutes County,-50.0,-24.0,-10.0,-66.0,-42.0,11.0,4
10,US-Oregon-Douglas County,-38.0,-18.0,-10.0,-13.0,-33.0,9.0,2
14,US-Oregon-Jackson County,-46.0,-19.0,12.0,-49.0,-34.0,9.0,1
16,US-Oregon-Josephine County,-40.0,-19.0,27.0,-33.0,-30.0,9.0,1
17,US-Oregon-Klamath County,-37.0,-11.0,21.0,-14.0,-33.0,8.0,1
19,US-Oregon-Lane County,-52.0,-28.0,-29.0,-65.0,-40.0,12.0,4
21,US-Oregon-Linn County,-44.0,-25.0,-9.0,-29.0,-32.0,11.0,2
23,US-Oregon-Marion County,-48.0,-23.0,-26.0,-33.0,-34.0,12.0,2
25,US-Oregon-Multnomah County,-61.0,-29.0,-23.0,-58.0,-41.0,14.0,4
29,US-Oregon-Umatilla County,-30.0,-6.0,-13.0,-23.0,-28.0,8.0,2
33,US-Oregon-Washington County,-53.0,-31.0,-6.0,-47.0,-41.0,14.0,4
34,US-Oregon-Yamhill County,-42.0,-24.0,11.0,-63.0,-39.0,12.0,1
0,US-Pennsylvania-None,-50.0,-27.0,7.0,-52.0,-38.0,12.0,1
2,US-Pennsylvania-Allegheny County,-51.0,-21.0,83.0,-56.0,-41.0,11.0,3
4,US-Pennsylvania-Beaver County,-42.0,-20.0,-59.0,-44.0,-37.0,10.0,4
6,US-Pennsylvania-Berks County,-53.0,-32.0,-21.0,-24.0,-37.0,13.0,2
7,US-Pennsylvania-Blair County,-50.0,-16.0,-36.0,-25.0,-31.0,9.0,2
9,US-Pennsylvania-Bucks County,-52.0,-36.0,-8.0,-51.0,-40.0,14.0,4
10,US-Pennsylvania-Butler County,-49.0,-51.0,-4.0,-14.0,-40.0,11.0,2
13,US-Pennsylvania-Centre County,-71.0,-45.0,-24.0,-44.0,-54.0,16.0,4
14,US-Pennsylvania-Chester County,-54.0,-38.0,-44.0,-72.0,-41.0,14.0,4
16,US-Pennsylvania-Clearfield County,-33.0,-18.0,-34.0,-21.0,-23.0,13.0,2
20,US-Pennsylvania-Cumberland County,-53.0,-25.0,-15.0,-25.0,-37.0,13.0,2
21,US-Pennsylvania-Dauphin County,-55.0,-32.0,-18.0,-57.0,-35.0,12.0,4
22,US-Pennsylvania-Delaware County,-50.0,-28.0,13.0,-43.0,-40.0,14.0,1
24,US-Pennsylvania-Erie County,-45.0,-13.0,127.0,-30.0,-32.0,9.0,3
26,US-Pennsylvania-Franklin County,-41.0,-19.0,-40.0,-21.0,-30.0,10.0,2
33,US-Pennsylvania-Lackawanna County,-56.0,-28.0,-9.0,-45.0,-34.0,12.0,4
34,US-Pennsylvania-Lancaster County,-59.0,-38.0,-11.0,-67.0,-39.0,14.0,4
36,US-Pennsylvania-Lebanon County,-43.0,-23.0,-42.0,-28.0,-32.0,12.0,2
37,US-Pennsylvania-Lehigh County,-58.0,-32.0,-28.0,-49.0,-37.0,13.0,4
38,US-Pennsylvania-Luzerne County,-54.0,-25.0,-5.0,-30.0,-32.0,12.0,2
39,US-Pennsylvania-Lycoming County,-49.0,-21.0,-44.0,-44.0,-32.0,10.0,4
43,US-Pennsylvania-Monroe County,-59.0,-34.0,-49.0,-74.0,-45.0,13.0,4
44,US-Pennsylvania-Montgomery County,-58.0,-36.0,-4.0,-54.0,-44.0,15.0,4
46,US-Pennsylvania-Northampton County,-56.0,-32.0,-6.0,-61.0,-39.0,14.0,4
49,US-Pennsylvania-Philadelphia County,-57.0,-27.0,-47.0,-57.0,-42.0,14.0,4
52,US-Pennsylvania-Schuylkill County,-39.0,-16.0,-43.0,-6.0,-28.0,10.0,2
54,US-Pennsylvania-Somerset County,-36.0,-14.0,-20.0,-55.0,-26.0,19.0,2
61,US-Pennsylvania-Washington County,-45.0,-17.0,45.0,-16.0,-35.0,10.0,1
63,US-Pennsylvania-Westmoreland County,-44.0,-28.0,103.0,-36.0,-35.0,10.0,3
65,US-Pennsylvania-York County,-52.0,-34.0,-11.0,-46.0,-37.0,13.0,4
0,US-Rhode Island-None,-55.0,-30.0,-50.0,-67.0,-37.0,14.0,4
2,US-Rhode Island-Kent County,-57.0,-26.0,-44.0,-72.0,-36.0,13.0,4
3,US-Rhode Island-Newport County,-57.0,-32.0,-60.0,-24.0,-39.0,21.0,4
4,US-Rhode Island-Providence County,-57.0,-29.0,-50.0,-65.0,-36.0,14.0,4
5,US-Rhode Island-Washington County,-53.0,-34.0,-59.0,-8.0,-40.0,13.0,4
0,US-South Carolina-None,-38.0,-11.0,-4.0,-34.0,-34.0,9.0,2
2,US-South Carolina-Aiken County,-31.0,-11.0,-1.0,0.0,-33.0,8.0,2
4,US-South Carolina-Anderson County,-40.0,-3.0,-1.0,-20.0,-34.0,8.0,2
7,US-South Carolina-Beaufort County,-38.0,-16.0,1.0,-32.0,-39.0,10.0,2
8,US-South Carolina-Berkeley County,-32.0,-10.0,47.0,-53.0,-32.0,9.0,1
10,US-South Carolina-Charleston County,-48.0,-25.0,-35.0,-62.0,-42.0,11.0,4
11,US-South Carolina-Cherokee County,-37.0,-3.0,-7.0,-20.0,-24.0,11.0,2
17,US-South Carolina-Dillon County,-21.0,3.0,-41.0,-21.0,-19.0,-2.0,2
18,US-South Carolina-Dorchester County,-32.0,-12.0,1.0,-38.0,-36.0,9.0,2
21,US-South Carolina-Florence County,-38.0,-11.0,-30.0,-24.0,-30.0,8.0,2
23,US-South Carolina-Greenville County,-42.0,-12.0,-35.0,-38.0,-39.0,10.0,2
26,US-South Carolina-Horry County,-43.0,-13.0,17.0,-58.0,-39.0,8.0,1
27,US-South Carolina-Jasper County,-32.0,-21.0,-25.0,-8.0,-39.0,8.0,2
32,US-South Carolina-Lexington County,-42.0,-15.0,24.0,-33.0,-35.0,10.0,1
40,US-South Carolina-Richland County,-43.0,-19.0,-37.0,-21.0,-35.0,11.0,2
42,US-South Carolina-Spartanburg County,-34.0,-11.0,10.0,-57.0,-34.0,9.0,1
46,US-South Carolina-York County,-33.0,-16.0,31.0,-34.0,-35.0,10.0,1
0,US-South Dakota-None,-35.0,-3.0,126.0,-31.0,-25.0,8.0,3
24,US-South Dakota-Minnehaha County,-38.0,-5.0,141.0,-41.0,-23.0,8.0,3
26,US-South Dakota-Pennington County,-42.0,-6.0,90.0,-24.0,-30.0,8.0,3
0,US-Tennessee-None,-35.0,-9.0,35.0,-35.0,-34.0,8.0,1
5,US-Tennessee-Blount County,-35.0,-4.0,35.0,-79.0,-39.0,9.0,1
7,US-Tennessee-Campbell County,-16.0,-1.0,30.0,-12.0,-29.0,10.0,1
15,US-Tennessee-Cocke County,-24.0,-11.0,-3.0,-20.0,-36.0,11.0,2
19,US-Tennessee-Davidson County,-44.0,-17.0,-6.0,-64.0,-44.0,11.0,4
33,US-Tennessee-Hamilton County,-46.0,-15.0,17.0,-39.0,-36.0,10.0,1
47,US-Tennessee-Knox County,-41.0,-16.0,35.0,-28.0,-40.0,10.0,1
54,US-Tennessee-Madison County,-37.0,-15.0,-14.0,-32.0,-33.0,8.0,2
55,US-Tennessee-Marion County,-27.0,-26.0,29.0,-16.0,-28.0,0.0,1
57,US-Tennessee-Maury County,-30.0,-15.0,-33.0,-15.0,-33.0,9.0,2
62,US-Tennessee-Montgomery County,-33.0,-9.0,91.0,-13.0,-32.0,8.0,3
73,US-Tennessee-Rutherford County,-35.0,-12.0,74.0,-16.0,-35.0,10.0,3
77,US-Tennessee-Shelby County,-36.0,-9.0,0.0,-25.0,-32.0,10.0,2
80,US-Tennessee-Sullivan County,-33.0,-10.0,-22.0,-44.0,-30.0,8.0,2
88,US-Tennessee-Washington County,-45.0,-15.0,-25.0,-8.0,-33.0,8.0,2
92,US-Tennessee-Williamson County,-46.0,-20.0,76.0,-19.0,-45.0,12.0,3
93,US-Tennessee-Wilson County,-34.0,-4.0,51.0,-6.0,-38.0,10.0,3
0,US-Texas-None,-45.0,-23.0,-27.0,-47.0,-36.0,13.0,4
3,US-Texas-Angelina County,-38.0,-9.0,-45.0,-25.0,-25.0,12.0,2
12,US-Texas-Bell County,-37.0,-24.0,8.0,-34.0,-33.0,10.0,1
13,US-Texas-Bexar County,-47.0,-23.0,-46.0,-46.0,-38.0,13.0,4
16,US-Texas-Bowie County,-44.0,-20.0,-11.0,-18.0,-32.0,10.0,2
17,US-Texas-Brazoria County,-39.0,-21.0,9.0,-24.0,-30.0,13.0,2
18,US-Texas-Brazos County,-50.0,-28.0,-37.0,-60.0,-39.0,14.0,4
27,US-Texas-Cameron County,-61.0,-41.0,-70.0,-62.0,-37.0,17.0,0
38,US-Texas-Collin County,-50.0,-33.0,-11.0,-37.0,-45.0,14.0,2
40,US-Texas-Comal County,-47.0,-33.0,-30.0,-10.0,-36.0,12.0,2
42,US-Texas-Cooke County,-28.0,-3.0,-8.0,-33.0,-32.0,16.0,2
49,US-Texas-Dallas County,-45.0,-21.0,-24.0,-45.0,-38.0,14.0,4
54,US-Texas-Denton County,-47.0,-27.0,1.0,-30.0,-42.0,14.0,2
60,US-Texas-El Paso County,-50.0,-25.0,-65.0,-40.0,-37.0,15.0,4
61,US-Texas-Ellis County,-35.0,-18.0,4.0,-33.0,-34.0,13.0,2
67,US-Texas-Fort Bend County,-49.0,-26.0,-2.0,-26.0,-41.0,15.0,2
72,US-Texas-Galveston County,-42.0,-15.0,-29.0,-57.0,-35.0,12.0,4
81,US-Texas-Guadalupe County,-34.0,-24.0,-1.0,-23.0,-37.0,12.0,2
87,US-Texas-Harris County,-46.0,-23.0,-22.0,-58.0,-38.0,14.0,4
91,US-Texas-Hays County,-46.0,-22.0,-23.0,-19.0,-36.0,13.0,2
93,US-Texas-Hidalgo County,-63.0,-43.0,-74.0,-64.0,-43.0,18.0,0
100,US-Texas-Hunt County,-33.0,-15.0,-5.0,-23.0,-33.0,10.0,2
105,US-Texas-Jefferson County,-49.0,-22.0,4.0,-35.0,-33.0,12.0,1
111,US-Texas-Kaufman County,-46.0,-22.0,-26.0,-18.0,-38.0,12.0,2
112,US-Texas-Kendall County,-38.0,-25.0,-61.0,-31.0,-38.0,14.0,4
115,US-Texas-Kleberg County,-42.0,-36.0,-71.0,-56.0,-28.0,16.0,4
128,US-Texas-Lubbock County,-37.0,-14.0,17.0,-36.0,-28.0,10.0,1
134,US-Texas-Maverick County,-56.0,-36.0,-82.0,-62.0,-36.0,19.0,0
136,US-Texas-McLennan County,-43.0,-22.0,-12.0,-34.0,-34.0,10.0,2
138,US-Texas-Medina County,-24.0,-8.0,-54.0,-30.0,-30.0,19.0,2
139,US-Texas-Midland County,-41.0,-19.0,-45.0,-24.0,-25.0,12.0,2
143,US-Texas-Montgomery County,-47.0,-24.0,0.0,-26.0,-38.0,13.0,2
146,US-Texas-Nacogdoches County,-36.0,-3.0,-17.0,-43.0,-24.0,15.0,2
147,US-Texas-Navarro County,-40.0,-18.0,-7.0,-40.0,-32.0,16.0,2
150,US-Texas-Nueces County,-46.0,-25.0,-40.0,-45.0,-34.0,13.0,4
153,US-Texas-Orange County,-35.0,-18.0,-38.0,-37.0,-32.0,11.0,2
156,US-Texas-Parker County,-35.0,-15.0,2.0,-32.0,-35.0,10.0,2
159,US-Texas-Polk County,-36.0,-14.0,-7.0,-41.0,-36.0,10.0,2
160,US-Texas-Potter County,-41.0,-13.0,2.0,-17.0,-26.0,9.0,2
175,US-Texas-San Patricio County,-38.0,-23.0,-30.0,-33.0,-24.0,12.0,2
180,US-Texas-Smith County,-52.0,-28.0,-21.0,-36.0,-34.0,13.0,2
186,US-Texas-Tarrant County,-48.0,-20.0,-16.0,-71.0,-36.0,13.0,4
191,US-Texas-Travis County,-54.0,-29.0,-19.0,-72.0,-44.0,15.0,4
198,US-Texas-Van Zandt County,-33.0,-16.0,7.0,-18.0,-25.0,13.0,2
199,US-Texas-Victoria County,-41.0,-23.0,-39.0,-49.0,-27.0,10.0,4
200,US-Texas-Walker County,-42.0,-17.0,-1.0,-42.0,-27.0,15.0,2
204,US-Texas-Webb County,-55.0,-38.0,-78.0,-43.0,-35.0,16.0,4
207,US-Texas-Wichita County,-50.0,-30.0,-11.0,-24.0,-32.0,11.0,2
210,US-Texas-Williamson County,-49.0,-29.0,-14.0,-41.0,-43.0,14.0,4
213,US-Texas-Wise County,-27.0,-11.0,8.0,-16.0,-31.0,15.0,2
0,US-Utah-None,-41.0,-14.0,26.0,-44.0,-40.0,10.0,1
2,US-Utah-Box Elder County,-28.0,-24.0,13.0,-5.0,-36.0,15.0,2
3,US-Utah-Cache County,-33.0,-3.0,66.0,-7.0,-39.0,10.0,3
5,US-Utah-Davis County,-39.0,-1.0,48.0,-15.0,-41.0,10.0,1
15,US-Utah-Salt Lake County,-46.0,-16.0,16.0,-62.0,-38.0,11.0,1
19,US-Utah-Summit County,-84.0,-65.0,-47.0,-59.0,-76.0,6.0,0
22,US-Utah-Utah County,-36.0,-11.0,54.0,13.0,-50.0,11.0,3
24,US-Utah-Washington County,-38.0,-10.0,-2.0,-22.0,-39.0,9.0,2
25,US-Utah-Weber County,-32.0,-17.0,76.0,-8.0,-31.0,8.0,3
0,US-Vermont-None,-62.0,-42.0,-55.0,-71.0,-43.0,13.0,4
4,US-Vermont-Chittenden County,-61.0,-53.0,-50.0,-57.0,-46.0,14.0,4
14,US-Vermont-Windsor County,-67.0,-50.0,-63.0,-60.0,-49.0,22.0,0
0,US-Virginia-None,-39.0,-16.0,46.0,-50.0,-36.0,11.0,1
2,US-Virginia-Albemarle County,-50.0,-30.0,36.0,-55.0,-47.0,23.0,1
3,US-Virginia-Alexandria,-54.0,-22.0,49.0,-58.0,-44.0,16.0,1
8,US-Virginia-Arlington County,-62.0,-32.0,8.0,-82.0,-50.0,16.0,4
9,US-Virginia-Augusta County,-39.0,-16.0,-22.0,52.0,-22.0,8.0,2
20,US-Virginia-Caroline County,-42.0,-20.0,-70.0,-37.0,-26.0,17.0,4
24,US-Virginia-Charlottesville,-68.0,-30.0,-39.0,-58.0,-49.0,15.0,4
25,US-Virginia-Chesapeake,-35.0,-18.0,35.0,-18.0,-36.0,9.0,1
26,US-Virginia-Chesterfield County,-40.0,-21.0,27.0,-19.0,-39.0,10.0,1
39,US-Virginia-Fairfax County,-49.0,-24.0,15.0,-46.0,-46.0,15.0,1
46,US-Virginia-Frederick County,-37.0,-26.0,-7.0,-33.0,-29.0,13.0,2
47,US-Virginia-Fredericksburg,-51.0,-29.0,10.0,-67.0,-39.0,0.0,1
56,US-Virginia-Hampton,-34.0,-6.0,117.0,-8.0,-32.0,10.0,3
59,US-Virginia-Henrico County,-42.0,-22.0,28.0,-71.0,-36.0,11.0,1
70,US-Virginia-Loudoun County,-50.0,-24.0,-11.0,-80.0,-44.0,15.0,4
79,US-Virginia-Mecklenburg County,-23.0,1.0,2.0,-26.0,-16.0,5.0,2
84,US-Virginia-Newport News,-37.0,-10.0,55.0,-32.0,-31.0,9.0,1
85,US-Virginia-Norfolk,-36.0,-8.0,37.0,-56.0,-31.0,9.0,1
96,US-Virginia-Portsmouth,-20.0,-10.0,53.0,3.0,-34.0,9.0,3
100,US-Virginia-Prince William County,-45.0,-22.0,30.0,-27.0,-40.0,13.0,1
104,US-Virginia-Richmond,-47.0,-11.0,83.0,-19.0,-37.0,10.0,3
106,US-Virginia-Roanoke,-44.0,-7.0,49.0,-43.0,-33.0,8.0,1
109,US-Virginia-Rockingham County,-29.0,-10.0,-7.0,-22.0,-27.0,9.0,2
119,US-Virginia-Suffolk,-32.0,-7.0,-16.0,-9.0,-29.0,9.0,2
123,US-Virginia-Virginia Beach,-37.0,-13.0,38.0,-3.0,-36.0,9.0,1
0,US-Washington-None,-48.0,-26.0,-11.0,-56.0,-41.0,13.0,4
3,US-Washington-Benton County,-47.0,-23.0,3.0,-12.0,-39.0,10.0,2
4,US-Washington-Chelan County,-43.0,-20.0,-15.0,-27.0,-43.0,18.0,2
5,US-Washington-Clallam County,-42.0,-27.0,-20.0,-29.0,-35.0,18.0,2
6,US-Washington-Clark County,-46.0,-28.0,-3.0,-38.0,-41.0,13.0,2
7,US-Washington-Cowlitz County,-40.0,-20.0,-23.0,-34.0,-35.0,11.0,2
10,US-Washington-Franklin County,-35.0,-15.0,-16.0,-59.0,-33.0,12.0,2
11,US-Washington-Grant County,-36.0,-8.0,10.0,-46.0,-29.0,8.0,1
12,US-Washington-Grays Harbor County,-40.0,-18.0,-16.0,-26.0,-37.0,14.0,2
13,US-Washington-Island County,-34.0,-25.0,-12.0,-53.0,-42.0,21.0,2
14,US-Washington-Jefferson County,-62.0,-31.0,-9.0,-58.0,-40.0,2.0,4
15,US-Washington-King County,-57.0,-30.0,0.0,-66.0,-47.0,15.0,4
16,US-Washington-Kitsap County,-45.0,-27.0,12.0,-62.0,-43.0,12.0,1
17,US-Washington-Kittitas County,-56.0,-32.0,-43.0,-22.0,-45.0,19.0,4
19,US-Washington-Lewis County,-49.0,-21.0,-37.0,-32.0,-34.0,11.0,2
25,US-Washington-Pierce County,-46.0,-22.0,-17.0,-31.0,-39.0,12.0,2
27,US-Washington-Skagit County,-47.0,-25.0,0.0,-51.0,-42.0,12.0,1
29,US-Washington-Snohomish County,-47.0,-30.0,-2.0,-48.0,-45.0,14.0,1
30,US-Washington-Spokane County,-44.0,-20.0,9.0,-45.0,-38.0,11.0,1
32,US-Washington-Thurston County,-47.0,-28.0,-32.0,-36.0,-38.0,12.0,4
34,US-Washington-Whatcom County,-57.0,-34.0,-11.0,-69.0,-44.0,13.0,4
36,US-Washington-Yakima County,-36.0,-13.0,0.0,-21.0,-33.0,9.0,2
0,US-West Virginia-None,-38.0,-16.0,52.0,-31.0,-33.0,8.0,1
2,US-West Virginia-Berkeley County,-35.0,-20.0,-9.0,-55.0,-32.0,9.0,2
13,US-West Virginia-Harrison County,-43.0,-18.0,-24.0,-47.0,-31.0,19.0,2
16,US-West Virginia-Kanawha County,-44.0,-14.0,-2.0,-43.0,-33.0,8.0,2
24,US-West Virginia-Mercer County,-44.0,-16.0,-36.0,-30.0,-35.0,15.0,2
27,US-West Virginia-Monongalia County,-48.0,-23.0,60.0,-35.0,-44.0,25.0,1
31,US-West Virginia-Ohio County,-40.0,11.0,-34.0,-19.0,-38.0,16.0,2
0,US-Wisconsin-None,-55.0,-30.0,-12.0,-50.0,-34.0,13.0,4
5,US-Wisconsin-Brown County,-56.0,-31.0,-26.0,-77.0,-31.0,13.0,4
13,US-Wisconsin-Dane County,-68.0,-38.0,-25.0,-67.0,-43.0,15.0,4
18,US-Wisconsin-Eau Claire County,-59.0,-35.0,-22.0,-36.0,-32.0,14.0,4
20,US-Wisconsin-Fond du Lac County,-54.0,-36.0,-13.0,-21.0,-31.0,12.0,2
28,US-Wisconsin-Jefferson County,-52.0,-28.0,-11.0,-62.0,-30.0,14.0,4
30,US-Wisconsin-Kenosha County,-61.0,-33.0,-23.0,-56.0,-34.0,12.0,4
32,US-Wisconsin-La Crosse County,-56.0,-28.0,-4.0,-38.0,-35.0,13.0,2
40,US-Wisconsin-Milwaukee County,-55.0,-28.0,-9.0,-57.0,-38.0,13.0,4
44,US-Wisconsin-Outagamie County,-61.0,-35.0,-41.0,-62.0,-33.0,13.0,4
51,US-Wisconsin-Racine County,-52.0,-28.0,-11.0,-37.0,-32.0,12.0,2
53,US-Wisconsin-Rock County,-52.0,-30.0,-15.0,-36.0,-34.0,11.0,2
55,US-Wisconsin-Sauk County,-66.0,-29.0,-30.0,-50.0,-48.0,22.0,4
58,US-Wisconsin-Sheboygan County,-47.0,-28.0,4.0,-23.0,-26.0,11.0,2
59,US-Wisconsin-St. Croix County,-53.0,-35.0,-21.0,-39.0,-34.0,24.0,4
66,US-Wisconsin-Washington County,-49.0,-29.0,-22.0,-31.0,-36.0,13.0,2
67,US-Wisconsin-Waukesha County,-58.0,-35.0,-23.0,-44.0,-40.0,14.0,4
70,US-Wisconsin-Winnebago County,-54.0,-32.0,-11.0,-41.0,-32.0,13.0,4
0,US-Wyoming-None,-37.0,-13.0,29.0,-14.0,-29.0,8.0,1
1,US-Wyoming-Albany County,-42.0,-27.0,-4.0,1.0,-29.0,16.0,2
11,US-Wyoming-Laramie County,-39.0,-20.0,26.0,-16.0,-28.0,10.0,1
13,US-Wyoming-Natrona County,-36.0,-8.0,64.0,-29.0,-29.0,9.0,3
